-- phpMyAdmin SQL Dump
-- version 5.0.2
-- https://www.phpmyadmin.net/
--
-- Hôte : 127.0.0.1:3307
-- Généré le : lun. 29 mars 2021 à 22:46
-- Version du serveur :  10.4.13-MariaDB
-- Version de PHP : 7.3.21

SET SQL_MODE = "NO_AUTO_VALUE_ON_ZERO";
START TRANSACTION;
SET time_zone = "+00:00";


/*!40101 SET @OLD_CHARACTER_SET_CLIENT=@@CHARACTER_SET_CLIENT */;
/*!40101 SET @OLD_CHARACTER_SET_RESULTS=@@CHARACTER_SET_RESULTS */;
/*!40101 SET @OLD_COLLATION_CONNECTION=@@COLLATION_CONNECTION */;
/*!40101 SET NAMES utf8mb4 */;

--
-- Base de données : `db-music-shop-symfony`
--

-- --------------------------------------------------------

--
-- Structure de la table `album`
--

DROP TABLE IF EXISTS `album`;
CREATE TABLE IF NOT EXISTS `album` (
  `id` int(11) NOT NULL AUTO_INCREMENT,
  `name` varchar(255) COLLATE utf8mb4_unicode_ci NOT NULL,
  `published_year` int(11) DEFAULT NULL,
  `price` double NOT NULL,
  PRIMARY KEY (`id`)
) ENGINE=InnoDB DEFAULT CHARSET=utf8mb4 COLLATE=utf8mb4_unicode_ci;

-- --------------------------------------------------------

--
-- Structure de la table `album_artist`
--

DROP TABLE IF EXISTS `album_artist`;
CREATE TABLE IF NOT EXISTS `album_artist` (
  `id` int(11) NOT NULL AUTO_INCREMENT,
  `album_id` int(11) NOT NULL,
  `artist_id` int(11) NOT NULL,
  PRIMARY KEY (`id`),
  KEY `IDX_D322AB301137ABCF` (`album_id`),
  KEY `IDX_D322AB30B7970CF8` (`artist_id`)
) ENGINE=InnoDB DEFAULT CHARSET=utf8mb4 COLLATE=utf8mb4_unicode_ci;

-- --------------------------------------------------------

--
-- Structure de la table `album_artist_genre`
--

DROP TABLE IF EXISTS `album_artist_genre`;
CREATE TABLE IF NOT EXISTS `album_artist_genre` (
  `album_artist_id` int(11) NOT NULL,
  `genre_id` int(11) NOT NULL,
  PRIMARY KEY (`album_artist_id`,`genre_id`),
  KEY `IDX_8F119A92DAB904B5` (`album_artist_id`),
  KEY `IDX_8F119A924296D31F` (`genre_id`)
) ENGINE=InnoDB DEFAULT CHARSET=utf8mb4 COLLATE=utf8mb4_unicode_ci;

-- --------------------------------------------------------

--
-- Structure de la table `album_song`
--

DROP TABLE IF EXISTS `album_song`;
CREATE TABLE IF NOT EXISTS `album_song` (
  `album_id` int(11) NOT NULL,
  `song_id` int(11) NOT NULL,
  PRIMARY KEY (`album_id`,`song_id`),
  KEY `IDX_57E658E11137ABCF` (`album_id`),
  KEY `IDX_57E658E1A0BDB2F3` (`song_id`)
) ENGINE=InnoDB DEFAULT CHARSET=utf8mb4 COLLATE=utf8mb4_unicode_ci;

-- --------------------------------------------------------

--
-- Structure de la table `artist`
--

DROP TABLE IF EXISTS `artist`;
CREATE TABLE IF NOT EXISTS `artist` (
  `id` int(11) NOT NULL AUTO_INCREMENT,
  `name` varchar(255) COLLATE utf8mb4_unicode_ci NOT NULL,
  `beginning_year` int(11) DEFAULT NULL,
  `country_id` int(11) DEFAULT NULL,
  PRIMARY KEY (`id`),
  KEY `IDX_1599687F92F3E70` (`country_id`)
) ENGINE=InnoDB AUTO_INCREMENT=501 DEFAULT CHARSET=utf8mb4 COLLATE=utf8mb4_unicode_ci;

--
-- Déchargement des données de la table `artist`
--

INSERT INTO `artist` (`id`, `name`, `beginning_year`, `country_id`) VALUES
(1, 'Dr. Meda Braun PhD', 1988, 144),
(2, 'Alberta Crona II', 1995, 33),
(3, 'Wilhelmine Jast', 1973, 128),
(4, 'Lucious Stoltenberg PhD', 1973, 46),
(5, 'Eldred Mayert', 1983, 223),
(6, 'Mr. Howard Marquardt', 1979, 293),
(7, 'Nedra Strosin', 1997, 285),
(8, 'Jody Okuneva Sr.', 1971, 265),
(9, 'Wilhelmine Tromp PhD', 1968, 181),
(10, 'Cecilia Kihn', 1980, 286),
(11, 'Dr. Ettie Streich PhD', 1970, 58),
(12, 'Angelita Konopelski', 1994, 216),
(13, 'Sonny Littel', 1961, 274),
(14, 'Maryse Strosin', 1970, 280),
(15, 'Emilio Jenkins', 1972, 203),
(16, 'Prof. Lilly Champlin', 1994, 75),
(17, 'Ms. Teresa Bernhard', 1969, 284),
(18, 'Prof. Westley Wehner', 1966, 55),
(19, 'Astrid Windler', 1972, 270),
(20, 'Arlo Dicki', 1981, 299),
(21, 'Mr. Gerson Wuckert', 1993, 141),
(22, 'Mr. Douglas Dickinson', 1997, 124),
(23, 'Ozella Daniel I', 1978, 132),
(24, 'Anissa O\'Keefe', 1963, 258),
(25, 'Reyna Gutkowski', 1965, 241),
(26, 'Daisy Toy', 1962, 136),
(27, 'Jamal Adams', 1998, 70),
(28, 'Laurie Fadel', 1983, 78),
(29, 'Molly Veum', 1961, 9),
(30, 'Stacy Jenkins', 1963, 242),
(31, 'Melvina Hessel', 1980, 204),
(32, 'Koby Roberts', 1972, 207),
(33, 'Johnathan Schroeder DVM', 2000, 180),
(34, 'Laverna Predovic', 1977, 30),
(35, 'Prof. Isaias Hartmann Sr.', 1971, 49),
(36, 'Carlie Conroy', 1977, 62),
(37, 'Mortimer Leuschke', 1960, 62),
(38, 'Rylee Wilkinson', 1993, 21),
(39, 'Prof. Mohamed Turcotte', 1961, 228),
(40, 'Mrs. Arlene McCullough', 1980, 58),
(41, 'Alena Reichert', 1996, 158),
(42, 'Jett Dickinson', 1962, 244),
(43, 'Mr. Merl Douglas', 1969, 32),
(44, 'Sandrine Schulist', 1961, 185),
(45, 'Earline Lindgren', 1978, 21),
(46, 'Pinkie Bailey', 1965, 216),
(47, 'Susana Kihn', 1989, 263),
(48, 'Sydni Mohr', 1979, 132),
(49, 'Jonatan D\'Amore', 1991, 296),
(50, 'Mateo Littel Jr.', 1960, 147),
(51, 'Dr. Dillon Eichmann', 1960, 190),
(52, 'Chloe Mosciski', 1974, 49),
(53, 'Dr. Jadon Lehner', 1983, 41),
(54, 'Concepcion Renner', 1989, 177),
(55, 'Mr. Ted Waters', 1962, 84),
(56, 'Sydnie Moore Sr.', 1962, 140),
(57, 'Else Kerluke', 1972, 18),
(58, 'Cassandra Anderson', 1978, 212),
(59, 'Lucie Donnelly III', 1965, 44),
(60, 'Daisy Strosin', 1971, 151),
(61, 'Manuela Schuppe', 1983, 296),
(62, 'Jaclyn Kassulke', 1970, 262),
(63, 'Dawn Toy', 1963, 21),
(64, 'Everett Hagenes', 1991, 146),
(65, 'Ray Metz', 1978, 19),
(66, 'Ms. Dahlia Kulas PhD', 1973, 98),
(67, 'Josianne Maggio', 1969, 268),
(68, 'Herman Beatty', 1976, 27),
(69, 'Neha Hansen', 1978, 277),
(70, 'Mrs. Leatha Wuckert', 1985, 12),
(71, 'Eli Mills', 1993, 160),
(72, 'Mackenzie Hill', 1992, 28),
(73, 'Amely Senger', 1989, 189),
(74, 'Valentine Huels', 1982, 280),
(75, 'Della Gibson', 1988, 160),
(76, 'Jerrod Champlin', 1993, 275),
(77, 'Prof. Quinn Ferry I', 1990, 207),
(78, 'Colton Hudson', 1960, 277),
(79, 'Maybell Blick', 1965, 206),
(80, 'Miss Emmalee Torphy I', 1992, 190),
(81, 'Delfina Ortiz', 1962, 300),
(82, 'Nichole Franecki Sr.', 1995, 274),
(83, 'Savion Botsford', 1961, 201),
(84, 'Ibrahim Gorczany', 1994, 102),
(85, 'Marguerite Wunsch', 1998, 151),
(86, 'Prof. Trever Bednar V', 1990, 125),
(87, 'Prof. Garett Kohler Jr.', 1969, 211),
(88, 'Wilber Harber', 1988, 110),
(89, 'Dr. Thad Schamberger', 1978, 100),
(90, 'Dr. Rosetta Conroy PhD', 1988, 286),
(91, 'Lura Abernathy', 1991, 239),
(92, 'Ms. Jackeline Murazik DDS', 1965, 166),
(93, 'Stan Kuhlman', 1963, 57),
(94, 'Tremaine Powlowski', 1975, 232),
(95, 'Prof. Anjali Cruickshank MD', 1990, 131),
(96, 'Jordyn O\'Kon', 1966, 25),
(97, 'Dameon Feeney', 1997, 223),
(98, 'Zachary Homenick', 1985, 104),
(99, 'Dakota Ritchie', 1998, 3),
(100, 'Mrs. Minnie Collier', 1973, 132),
(101, 'Leonor Morissette', 1966, 255),
(102, 'Jacques Murazik V', 1971, 41),
(103, 'Dolly Mayert', 1970, 35),
(104, 'Lonny Davis', 1994, 26),
(105, 'Emma Pfeffer Jr.', 1996, 266),
(106, 'Fritz Pollich', 1991, 198),
(107, 'Mrs. Vella Krajcik', 1975, 263),
(108, 'Ms. Bettye Schulist', 1995, 176),
(109, 'Ahmad Turcotte', 1985, 155),
(110, 'Mr. Giles Keebler IV', 1996, 39),
(111, 'Jaydon Hyatt', 1992, 267),
(112, 'Miss Teresa Waters', 1980, 38),
(113, 'Dr. Jannie Kilback PhD', 1964, 21),
(114, 'Arden Gottlieb', 1967, 198),
(115, 'Sarah Lesch III', 1979, 154),
(116, 'Javon Champlin', 1968, 132),
(117, 'Mr. Abner Ernser', 1965, 270),
(118, 'Delores McCullough', 1980, 111),
(119, 'Jett Pfeffer', 1977, 114),
(120, 'Foster Ortiz', 1971, 6),
(121, 'Miss Hollie Nienow', 1975, 10),
(122, 'Max Considine', 1962, 122),
(123, 'Prof. Nasir Kulas IV', 1989, 240),
(124, 'Ezra Smith', 1975, 14),
(125, 'Rosalinda Johnson', 1983, 34),
(126, 'Caterina Bruen III', 1987, 270),
(127, 'Deshawn Keeling', 1990, 30),
(128, 'Miss Karine Shields MD', 1992, 241),
(129, 'Lottie Buckridge Jr.', 1987, 125),
(130, 'Bria Auer', 1995, 69),
(131, 'Madyson Haag', 1993, 273),
(132, 'Keara Watsica', 1975, 72),
(133, 'Emmy Hermiston', 1967, 124),
(134, 'Jacques Herzog', 1980, 100),
(135, 'Jerel Marvin', 1978, 11),
(136, 'Prof. Addie Osinski Sr.', 1961, 202),
(137, 'Alaina Nicolas', 1994, 170),
(138, 'Mrs. Joana Mitchell', 1964, 85),
(139, 'Ms. Adriana Kunde', 1972, 48),
(140, 'Prof. Wilmer Lubowitz', 1994, 30),
(141, 'Rosalind Schmeler', 1972, 15),
(142, 'Leanne Kovacek', 1963, 5),
(143, 'Prof. Sandy Sauer', 1970, 1),
(144, 'Prof. Ludwig Zieme Jr.', 1976, 210),
(145, 'Gloria Bechtelar', 1970, 39),
(146, 'Alexane Wyman', 1988, 295),
(147, 'Joe Beatty', 1996, 88),
(148, 'Dr. Ludwig McClure', 1978, 179),
(149, 'Ms. Alexanne Keeling', 1998, 167),
(150, 'Vergie Thompson', 1982, 153),
(151, 'Benton Keebler', 1962, 228),
(152, 'Miss Heidi Shanahan', 1990, 262),
(153, 'Mr. Ronny Reichert', 1976, 252),
(154, 'Miss Abby Bosco', 1986, 188),
(155, 'Nikolas Gusikowski', 1998, 132),
(156, 'Jayda D\'Amore', 1969, 222),
(157, 'Oran Yundt Jr.', 1981, 213),
(158, 'Mr. Jamil DuBuque Jr.', 1984, 214),
(159, 'Giovanny Bednar DDS', 1976, 115),
(160, 'Dr. Dominic Osinski IV', 1962, 135),
(161, 'Muhammad Mann', 1963, 75),
(162, 'Brody Blanda', 1995, 108),
(163, 'Heaven Corkery', 1967, 221),
(164, 'Florine Corwin Sr.', 1996, 62),
(165, 'Claude Bruen', 1962, 236),
(166, 'Mr. Jovan Waelchi MD', 1978, 290),
(167, 'Prof. Darien Koch', 1998, 47),
(168, 'Damon Grady', 1961, 296),
(169, 'Golden Rippin DDS', 1998, 123),
(170, 'Jeromy Labadie', 1981, 252),
(171, 'Malika Kutch', 1975, 89),
(172, 'Elwyn Schuppe Sr.', 1967, 210),
(173, 'Katlynn Cruickshank', 1977, 26),
(174, 'Julien Bayer', 1960, 127),
(175, 'Ena Block', 1989, 1),
(176, 'Ladarius Littel', 1980, 17),
(177, 'Effie Bartell', 1979, 159),
(178, 'Magdalena Witting Jr.', 1992, 9),
(179, 'Sophia Schneider', 1992, 66),
(180, 'Mrs. Vallie Bechtelar', 1985, 174),
(181, 'Allen Connelly', 1984, 255),
(182, 'Antonina Kub', 1984, 1),
(183, 'Grace Rogahn', 1974, 11),
(184, 'Prof. Kurtis McKenzie Sr.', 1972, 131),
(185, 'Ray Lang', 1973, 155),
(186, 'Kelvin Mraz', 1983, 288),
(187, 'Andrew Goyette III', 1993, 30),
(188, 'Dandre Crona', 1969, 195),
(189, 'Earnestine Brekke', 1960, 209),
(190, 'Shaniya Hermiston', 1995, 256),
(191, 'Mr. Cale Medhurst II', 1981, 204),
(192, 'Milan Schultz', 1995, 266),
(193, 'Layne Ratke I', 1961, 27),
(194, 'Vivian Gulgowski', 1965, 105),
(195, 'Samara Corkery', 1976, 244),
(196, 'Gerson Rohan', 1994, 282),
(197, 'Carmella Ryan V', 1982, 280),
(198, 'Gennaro Senger', 1982, 196),
(199, 'Julien Runte', 1992, 82),
(200, 'Dr. Ken Wunsch', 1985, 182),
(201, 'Zelma Russel', 1997, 175),
(202, 'Angie Turcotte', 1983, 76),
(203, 'Adelia Christiansen PhD', 1989, 178),
(204, 'Dr. Ernie Schmeler', 1989, 44),
(205, 'Samir Hill', 1973, 269),
(206, 'Rusty Crona', 1988, 10),
(207, 'Tiana Hoppe', 1988, 53),
(208, 'Maudie Rutherford', 1985, 253),
(209, 'Aisha Will', 1988, 227),
(210, 'Aglae Hane Jr.', 1996, 172),
(211, 'Thelma Pfeffer', 1980, 1),
(212, 'Mr. Casey Batz', 1969, 267),
(213, 'Jacynthe Reichert DDS', 1963, 132),
(214, 'Johnny Batz', 1982, 71),
(215, 'Wilhelmine Haley', 1966, 255),
(216, 'Pearl Reynolds', 1998, 273),
(217, 'Omari Gutkowski', 1994, 199),
(218, 'Nettie Schumm', 1966, 32),
(219, 'Dr. Andrew Kunde IV', 1999, 81),
(220, 'Dr. Ben Quitzon', 1998, 237),
(221, 'Alfredo Klocko DDS', 1980, 285),
(222, 'Carter Kozey', 1971, 165),
(223, 'Prof. Presley Mitchell', 1988, 214),
(224, 'Dr. Freddy Ziemann', 1966, 122),
(225, 'Dr. Stewart Oberbrunner', 1989, 36),
(226, 'Daphnee Bailey', 1971, 246),
(227, 'Mr. Darrick Luettgen DDS', 1960, 39),
(228, 'Alize Feil', 1966, 89),
(229, 'Margaretta Auer', 1997, 182),
(230, 'Gillian Williamson', 1969, 95),
(231, 'Gail Koepp', 1965, 232),
(232, 'Miss Kenya Sauer MD', 1970, 165),
(233, 'Jacquelyn Nitzsche', 1986, 171),
(234, 'Adriana Olson', 1971, 34),
(235, 'Mr. Alexandre Langworth MD', 1992, 237),
(236, 'Riley Ledner', 1976, 78),
(237, 'Emmett Schamberger', 1994, 205),
(238, 'Maryse Dickens DDS', 1981, 288),
(239, 'Miss Leora Kohler', 1998, 77),
(240, 'Prof. Kennedy Boehm II', 1962, 29),
(241, 'Bridget Wunsch', 1966, 177),
(242, 'Julius Bergstrom', 1986, 24),
(243, 'Prof. Johann Corwin Sr.', 1992, 268),
(244, 'Mrs. Yvonne O\'Conner III', 1995, 241),
(245, 'Mr. Harry Stroman III', 1997, 53),
(246, 'Frida Quitzon', 1982, 164),
(247, 'Brandt Moen', 1962, 17),
(248, 'Lysanne Smith', 1976, 110),
(249, 'Esteban Kub', 1990, 132),
(250, 'Ms. Alana Murphy', 1980, 109),
(251, 'Leopoldo Pacocha', 1962, 86),
(252, 'Trinity Runte', 1996, 106),
(253, 'Ronny Botsford III', 1978, 7),
(254, 'Ms. Maryam Hickle IV', 1999, 292),
(255, 'Ephraim Christiansen', 1971, 206),
(256, 'Miss Itzel Abernathy', 1972, 143),
(257, 'Greyson Bins', 1974, 254),
(258, 'Baron Hintz', 1966, 296),
(259, 'Isadore Hyatt', 1994, 234),
(260, 'Mr. Trent Cassin IV', 1978, 281),
(261, 'Whitney Smith', 1999, 195),
(262, 'Domenic Runolfsson', 1963, 98),
(263, 'Daphne Hermiston I', 1989, 113),
(264, 'Kaylin Halvorson', 1984, 185),
(265, 'Prof. Enrique Hettinger', 1970, 84),
(266, 'Josefina Beier', 1964, 50),
(267, 'Ava Toy DVM', 1962, 184),
(268, 'Ms. Lucy Upton Jr.', 1967, 231),
(269, 'Nathan Bode', 1964, 76),
(270, 'Alayna White', 1998, 165),
(271, 'Waylon Gutkowski', 1998, 83),
(272, 'Anya O\'Kon', 1964, 73),
(273, 'Mr. Lonny Williamson', 1993, 185),
(274, 'Adriana Ziemann', 1985, 118),
(275, 'Dr. Cade Lesch II', 1960, 261),
(276, 'Mrs. Tiara Rowe II', 1991, 232),
(277, 'Leilani Cummings', 1992, 164),
(278, 'Elbert Hoeger', 1982, 78),
(279, 'Baylee Howell', 1996, 220),
(280, 'Amiya Torphy', 1962, 19),
(281, 'Teagan Johns', 1974, 7),
(282, 'Donnell Weimann III', 1965, 290),
(283, 'Tanner Lebsack', 1974, 209),
(284, 'Ansley Romaguera V', 1992, 166),
(285, 'Dr. Rocio Mills', 1971, 83),
(286, 'Hilma Quitzon', 1979, 219),
(287, 'Felix Moore DVM', 1977, 51),
(288, 'Dr. Reymundo Fadel', 1993, 136),
(289, 'Trenton Johns', 1981, 104),
(290, 'Wilmer Bergnaum', 1978, 106),
(291, 'Niko Schmidt', 1999, 150),
(292, 'Marjolaine Stroman', 1977, 185),
(293, 'Dr. Travis Schulist', 1978, 77),
(294, 'Amy Hoeger', 1992, 127),
(295, 'Emory Kertzmann', 1973, 38),
(296, 'Mrs. Hillary Bauch', 1984, 289),
(297, 'Jarret Kovacek', 1968, 140),
(298, 'Curtis Spinka DDS', 1982, 75),
(299, 'Emilie Wisozk DDS', 1983, 250),
(300, 'Courtney Rowe', 1977, 149),
(301, 'Nicklaus Fahey', 1968, 3),
(302, 'Miss Hosea Russel PhD', 1961, 15),
(303, 'Verna Prohaska', 1983, 143),
(304, 'Naomi Kohler', 1983, 143),
(305, 'Alva Smitham', 1983, 266),
(306, 'Kyler Goyette', 1975, 10),
(307, 'Mattie Goldner', 1981, 93),
(308, 'Miss Antonette Runolfsdottir DVM', 1997, 77),
(309, 'Miss Cecile Kutch', 1986, 118),
(310, 'Princess Marvin', 1977, 293),
(311, 'Dr. Mylene Gutmann MD', 1983, 41),
(312, 'Trycia Kuhn', 1978, 42),
(313, 'Dr. Torrance Turner', 1974, 173),
(314, 'Lexus Moen PhD', 1967, 20),
(315, 'Neil Carroll', 1962, 165),
(316, 'Bernadine Jacobs', 1972, 36),
(317, 'Miss Lizzie Rutherford Sr.', 1983, 4),
(318, 'Liliane Stamm', 1991, 130),
(319, 'Billie Pollich', 1996, 164),
(320, 'Dr. Bruce Graham DVM', 1986, 134),
(321, 'Lexie Walter', 1971, 83),
(322, 'Prof. Garry Heller DVM', 1961, 125),
(323, 'Dr. Jordon Hamill', 1984, 9),
(324, 'Lennie Quigley', 1994, 153),
(325, 'Keyshawn Emmerich Jr.', 1974, 250),
(326, 'Ms. Madalyn Beier', 1995, 181),
(327, 'Zaria McClure', 1976, 54),
(328, 'Mrs. Selina Williamson', 1984, 202),
(329, 'Virginia Greenholt MD', 1965, 83),
(330, 'Creola Price', 1985, 223),
(331, 'Jacky Hartmann', 1968, 88),
(332, 'Stanley Hermann', 1991, 31),
(333, 'Evert Eichmann', 1993, 207),
(334, 'Anibal Zboncak', 1981, 154),
(335, 'Sibyl Mayer', 1973, 114),
(336, 'Mr. Berry Champlin DDS', 1961, 244),
(337, 'Dr. Gus Kreiger II', 1998, 47),
(338, 'Ms. Elise Langosh', 1997, 259),
(339, 'Prof. Elza Turcotte', 1968, 193),
(340, 'Mariana Flatley DDS', 1994, 36),
(341, 'Miss Erika Gibson II', 1984, 205),
(342, 'Ms. Alicia Kulas III', 2000, 273),
(343, 'Vincenza Willms', 1989, 183),
(344, 'Miss Tamia Rohan Jr.', 1990, 90),
(345, 'Mr. Stephen Thiel', 1966, 283),
(346, 'Jaime Brakus', 1988, 226),
(347, 'Miss Assunta Schneider V', 1978, 121),
(348, 'Rigoberto Dibbert', 1981, 155),
(349, 'Clarissa Streich', 1976, 78),
(350, 'Molly Ullrich', 1962, 123),
(351, 'Dejuan Connelly DDS', 1974, 114),
(352, 'Rebeca Littel', 1995, 86),
(353, 'Ms. Lelah Batz V', 1965, 253),
(354, 'Bartholome Kris', 1976, 86),
(355, 'Miss Alta Blanda IV', 1993, 204),
(356, 'Lonny Franecki', 1961, 164),
(357, 'Edythe Satterfield', 1966, 26),
(358, 'Lori Buckridge', 1966, 278),
(359, 'Osvaldo Hagenes', 1981, 119),
(360, 'Mateo Jacobi', 1975, 26),
(361, 'Kevon Littel', 1997, 245),
(362, 'Mrs. Bailee Halvorson', 1980, 227),
(363, 'Troy Effertz', 1963, 99),
(364, 'Lue Rowe', 1991, 180),
(365, 'Lafayette Schinner', 1976, 101),
(366, 'Adolph Friesen Jr.', 1979, 282),
(367, 'Uriah Greenholt', 1975, 243),
(368, 'Miss Lila Beatty', 1991, 263),
(369, 'Hollie Kub', 1978, 72),
(370, 'Antonetta Russel', 1973, 300),
(371, 'Mara Mayer PhD', 1995, 188),
(372, 'Jabari Abernathy', 1988, 3),
(373, 'Lilliana Hansen', 1983, 210),
(374, 'Taryn Pagac', 1963, 3),
(375, 'Rosa Tromp', 1991, 103),
(376, 'Ms. Zoie Wisoky', 1970, 275),
(377, 'Lucy Will Jr.', 1969, 38),
(378, 'Ethyl Hessel', 1964, 297),
(379, 'Prof. Lura Runte', 1981, 17),
(380, 'Marty Buckridge', 1962, 62),
(381, 'Prof. Pink Witting', 1978, 275),
(382, 'Alyson Hahn', 1972, 90),
(383, 'Shane Smith', 1996, 245),
(384, 'Lindsay Feil', 1992, 140),
(385, 'Larue Braun', 1977, 68),
(386, 'Lexus Johns', 1978, 59),
(387, 'Mrs. Estefania Roob PhD', 2000, 73),
(388, 'Ms. Blanca Oberbrunner III', 1988, 195),
(389, 'Simone Raynor DVM', 1983, 33),
(390, 'Prof. Guy Gerhold', 1987, 160),
(391, 'Mireya Abernathy', 1965, 189),
(392, 'Rafaela Kuhlman', 1985, 296),
(393, 'Gideon Fadel', 1982, 275),
(394, 'Edmond Crist', 1966, 217),
(395, 'Makenna Bauch', 1968, 73),
(396, 'Gavin Lueilwitz', 1978, 256),
(397, 'Ashly Gutkowski', 1971, 121),
(398, 'Zachery Lesch', 1960, 249),
(399, 'Miss Hillary Murray', 1960, 20),
(400, 'Prof. Aurelio Roob', 1964, 220),
(401, 'Xander Veum', 1965, 156),
(402, 'Malika Rohan', 1966, 126),
(403, 'Miss Althea O\'Connell Sr.', 1972, 47),
(404, 'Miss Abigale Stiedemann IV', 1978, 284),
(405, 'Mrs. Kaya Kertzmann', 1979, 176),
(406, 'Prof. Felipa Moen', 1987, 109),
(407, 'Rogers Leannon', 1998, 245),
(408, 'Prof. Amber Pouros Jr.', 1992, 203),
(409, 'Mr. Timothy Yost', 1973, 43),
(410, 'Dr. Minnie Bins', 1993, 181),
(411, 'Ron Jakubowski', 1982, 94),
(412, 'Austyn Heidenreich', 1967, 269),
(413, 'Lance Steuber', 1987, 33),
(414, 'Waylon McCullough IV', 1982, 226),
(415, 'Dr. Jamie Harvey', 1964, 150),
(416, 'Tobin Hyatt', 1981, 87),
(417, 'Johann Schmitt', 1988, 74),
(418, 'Prof. Jaylen Murray MD', 1961, 96),
(419, 'Marietta Schulist PhD', 1960, 97),
(420, 'Dr. Cyrus Skiles I', 2000, 265),
(421, 'Gisselle Hilpert I', 1980, 43),
(422, 'Violet Swaniawski', 1965, 247),
(423, 'Arvilla Reynolds', 1979, 17),
(424, 'Dr. Ernie Schuppe DVM', 1994, 81),
(425, 'Kaia Hayes', 1974, 36),
(426, 'Dr. Alanis Veum Sr.', 1969, 149),
(427, 'Prof. Osvaldo Pagac I', 1977, 66),
(428, 'Mr. Jamaal Walsh I', 1982, 219),
(429, 'Jean Stark', 1970, 300),
(430, 'Elyse Miller', 1968, 224),
(431, 'Kyra Sanford', 1972, 174),
(432, 'Charlie Goldner', 1990, 51),
(433, 'Anahi Legros Sr.', 1998, 66),
(434, 'Wade Boyle DVM', 1979, 126),
(435, 'Lori Upton', 1985, 12),
(436, 'Dr. Garett Farrell I', 1962, 225),
(437, 'Edgar Harber', 1986, 194),
(438, 'Maribel DuBuque', 1986, 239),
(439, 'Jaycee Jakubowski', 1985, 173),
(440, 'Jasen Eichmann', 1970, 100),
(441, 'Melyna Stiedemann', 1988, 93),
(442, 'Dr. Mathias Stiedemann', 1973, 184),
(443, 'Vicky Kshlerin', 1973, 217),
(444, 'Dr. Darian Hayes MD', 1992, 74),
(445, 'Cristal Connelly', 1991, 198),
(446, 'Mrs. Cathryn Cassin DVM', 1962, 150),
(447, 'Norbert Eichmann', 1986, 147),
(448, 'Tyra Mohr', 1973, 150),
(449, 'Kristian Ledner', 1977, 28),
(450, 'Prof. Randall O\'Hara', 1965, 155),
(451, 'Raquel Mraz', 1964, 198),
(452, 'Kay Hirthe', 1971, 83),
(453, 'Sabina Kautzer', 1998, 169),
(454, 'Prof. Caterina Waelchi', 1968, 17),
(455, 'Mr. Vincent Emard DDS', 1970, 20),
(456, 'Kassandra Cremin', 1990, 231),
(457, 'Mr. Walter Koepp Jr.', 1992, 45),
(458, 'Dr. Marta Maggio I', 1965, 239),
(459, 'Prof. Buford Gulgowski I', 1966, 33),
(460, 'Stevie Robel', 1991, 288),
(461, 'Carmela Turcotte', 1999, 35),
(462, 'Mr. Baron Crist', 1972, 105),
(463, 'Dr. Floy Stracke', 1993, 223),
(464, 'Roberta Walker', 1990, 182),
(465, 'Ms. Sadye Johns', 1990, 72),
(466, 'Allison Thompson', 1996, 35),
(467, 'Karolann Hegmann', 1974, 130),
(468, 'Ollie Dibbert', 1974, 37),
(469, 'Neil Schultz', 1984, 297),
(470, 'Melvin Harris', 1976, 243),
(471, 'Lilyan VonRueden', 1976, 72),
(472, 'Ms. Lia Kiehn', 1965, 229),
(473, 'Miss Mariela King DVM', 1984, 64),
(474, 'Anderson Heathcote', 1989, 36),
(475, 'Gabe Wuckert', 1972, 295),
(476, 'Vivien Haley I', 1960, 177),
(477, 'Sarai Altenwerth', 1962, 48),
(478, 'Jailyn Rice', 1996, 293),
(479, 'Mr. Henri Weissnat II', 1990, 136),
(480, 'Prof. Lora Crooks', 1984, 192),
(481, 'Miss Idella Considine III', 1974, 184),
(482, 'Dr. Antonetta Lockman', 1979, 34),
(483, 'Lew Hickle', 1994, 128),
(484, 'Mrs. Marina Jacobi', 1982, 214),
(485, 'Deja Sauer', 1971, 155),
(486, 'Rosie Emard I', 1979, 153),
(487, 'Davon Prosacco', 1967, 147),
(488, 'Miss Alda Runolfsdottir', 1961, 25),
(489, 'Wiley Herman', 1970, 138),
(490, 'Leonard Rogahn', 1999, 261),
(491, 'Maeve Morar', 1968, 23),
(492, 'Mrs. Blanca Rolfson', 1993, 244),
(493, 'Renee Rohan', 1985, 2),
(494, 'Prof. Cornell Howell', 1961, 234),
(495, 'Hailey Cronin IV', 1988, 134),
(496, 'Velva Kilback', 1986, 260),
(497, 'Hortense Murray', 1976, 37),
(498, 'Miss Bria Bogan I', 1998, 212),
(499, 'Devante Hoppe MD', 1997, 265),
(500, 'Ara Crooks', 1999, 192);

-- --------------------------------------------------------

--
-- Structure de la table `artist_genre`
--

DROP TABLE IF EXISTS `artist_genre`;
CREATE TABLE IF NOT EXISTS `artist_genre` (
  `artist_id` int(11) NOT NULL,
  `genre_id` int(11) NOT NULL,
  PRIMARY KEY (`artist_id`,`genre_id`),
  KEY `IDX_E35C03ABB7970CF8` (`artist_id`),
  KEY `IDX_E35C03AB4296D31F` (`genre_id`)
) ENGINE=InnoDB DEFAULT CHARSET=utf8mb4 COLLATE=utf8mb4_unicode_ci;

-- --------------------------------------------------------

--
-- Structure de la table `country`
--

DROP TABLE IF EXISTS `country`;
CREATE TABLE IF NOT EXISTS `country` (
  `id` int(11) NOT NULL AUTO_INCREMENT,
  `name` varchar(255) COLLATE utf8mb4_unicode_ci NOT NULL,
  `nationality` varchar(255) COLLATE utf8mb4_unicode_ci NOT NULL,
  PRIMARY KEY (`id`)
) ENGINE=InnoDB AUTO_INCREMENT=301 DEFAULT CHARSET=utf8mb4 COLLATE=utf8mb4_unicode_ci;

--
-- Déchargement des données de la table `country`
--

INSERT INTO `country` (`id`, `name`, `nationality`) VALUES
(1, 'Jamaica', 'modi'),
(2, 'Singapore', 'dicta'),
(3, 'Argentina', 'temporibus'),
(4, 'Gibraltar', 'facere'),
(5, 'Macao', 'doloremque'),
(6, 'Italy', 'Italian'),
(7, 'Zambia', 'quaerat'),
(9, 'Lithuania', 'Lithuanian'),
(10, 'United Arab Emirates', 'ut'),
(11, 'Singapore', 'facilis'),
(12, 'Liechtenstein', 'quo'),
(13, 'Malta', 'Maltese'),
(14, 'Australia', 'delectus'),
(15, 'Marshall Islands', 'modi'),
(16, 'Anguilla', 'autem'),
(17, 'Greece', 'quia'),
(18, 'Tonga', 'et'),
(19, 'Nauru', 'quos'),
(20, 'Egypt', 'delectus'),
(21, 'Anguilla', 'quidem'),
(22, 'Malaysia', 'eius'),
(23, 'Uruguay', 'corrupti'),
(24, 'Kiribati', 'placeat'),
(25, 'Uzbekistan', 'voluptatem'),
(26, 'United Kingdom', 'officiis'),
(27, 'Malaysia', 'autem'),
(28, 'Malaysia', 'voluptatem'),
(29, 'Saint Vincent and the Grenadines', 'quod'),
(30, 'Afghanistan', 'iste'),
(31, 'Mauritius', 'aut'),
(32, 'Oman', 'pariatur'),
(33, 'Namibia', 'libero'),
(34, 'Bermuda', 'quia'),
(35, 'Malaysia', 'ea'),
(36, 'Antigua and Barbuda', 'unde'),
(37, 'Angola', 'tempora'),
(38, 'Barbados', 'neque'),
(39, 'Heard Island and McDonald Islands', 'est'),
(40, 'Isle of Man', 'et'),
(41, 'Greenland', 'dolor'),
(42, 'Bolivia', 'omnis'),
(43, 'Haiti', 'excepturi'),
(44, 'Mayotte', 'quia'),
(45, 'Libyan Arab Jamahiriya', 'beatae'),
(46, 'Bahrain', 'nam'),
(47, 'United Arab Emirates', 'nesciunt'),
(48, 'Botswana', 'ea'),
(49, 'Anguilla', 'temporibus'),
(50, 'Qatar', 'ad'),
(51, 'Mozambique', 'et'),
(52, 'Liberia', 'cum'),
(53, 'Croatia', 'voluptas'),
(54, 'Cote d\'Ivoire', 'quam'),
(55, 'Luxembourg', 'culpa'),
(56, 'Algeria', 'in'),
(57, 'Kiribati', 'omnis'),
(58, 'Switzerland', 'aut'),
(59, 'Myanmar', 'cupiditate'),
(60, 'French Guiana', 'aliquid'),
(61, 'Venezuela', 'cumque'),
(62, 'British Indian Ocean Territory (Chagos Archipelago)', 'non'),
(63, 'Burundi', 'est'),
(64, 'Western Sahara', 'aliquid'),
(65, 'United States of America', 'autem'),
(66, 'Qatar', 'est'),
(67, 'Comoros', 'excepturi'),
(68, 'Tonga', 'necessitatibus'),
(69, 'United States Virgin Islands', 'doloremque'),
(70, 'Italy', 'Italian'),
(71, 'Nepal', 'beatae'),
(72, 'Spain', 'iure'),
(73, 'United Kingdom', 'voluptas'),
(74, 'Timor-Leste', 'eius'),
(75, 'Guinea', 'odio'),
(76, 'Denmark', 'aliquid'),
(77, 'Seychelles', 'sit'),
(78, 'Estonia', 'molestias'),
(79, 'Mexico', 'minus'),
(80, 'Guadeloupe', 'repudiandae'),
(81, 'Qatar', 'voluptatem'),
(82, 'Norfolk Island', 'modi'),
(83, 'Taiwan', 'eos'),
(84, 'Gibraltar', 'facilis'),
(85, 'Heard Island and McDonald Islands', 'ut'),
(86, 'Cuba', 'quia'),
(87, 'Uganda', 'qui'),
(88, 'Panama', 'quo'),
(89, 'Saint Martin', 'totam'),
(90, 'Zambia', 'ab'),
(91, 'United States Minor Outlying Islands', 'voluptatem'),
(92, 'Turkey', 'reiciendis'),
(93, 'Pakistan', 'accusamus'),
(94, 'Tonga', 'et'),
(95, 'Palau', 'iste'),
(96, 'Anguilla', 'quaerat'),
(97, 'Finland', 'voluptas'),
(98, 'Saint Vincent and the Grenadines', 'tenetur'),
(99, 'Malawi', 'possimus'),
(100, 'Swaziland', 'eos'),
(101, 'El Salvador', 'at'),
(102, 'Reunion', 'eaque'),
(103, 'Iraq', 'aliquid'),
(104, 'Swaziland', 'fugit'),
(105, 'Martinique', 'quaerat'),
(106, 'Serbia', 'alias'),
(108, 'Bolivia', 'dolores'),
(109, 'Mali', 'itaque'),
(110, 'Yemen', 'qui'),
(111, 'Belize', 'eligendi'),
(112, 'Aruba', 'recusandae'),
(113, 'Saint Helena', 'quo'),
(114, 'Belarus', 'deleniti'),
(115, 'Georgia', 'molestiae'),
(116, 'Afghanistan', 'quo'),
(117, 'Guinea-Bissau', 'inventore'),
(118, 'Solomon Islands', 'ea'),
(119, 'Gibraltar', 'in'),
(120, 'Tonga', 'qui'),
(121, 'South Africa', 'dolores'),
(122, 'Saint Barthelemy', 'reprehenderit'),
(123, 'Cape Verde', 'architecto'),
(124, 'Liberia', 'ex'),
(125, 'Mauritius', 'consequatur'),
(126, 'Greenland', 'fuga'),
(127, 'Brunei Darussalam', 'aut'),
(128, 'Indonesia', 'illo'),
(129, 'Slovenia', 'Slovene'),
(130, 'Ghana', 'a'),
(131, 'Antigua and Barbuda', 'voluptas'),
(132, 'Algeria', 'qui'),
(133, 'Cape Verde', 'minus'),
(134, 'Sweden', 'fugit'),
(135, 'Finland', 'non'),
(136, 'Liberia', 'et'),
(137, 'Bahamas', 'fugit'),
(138, 'Vietnam', 'excepturi'),
(139, 'Eritrea', 'velit'),
(140, 'Solomon Islands', 'nam'),
(141, 'Canada', 'non'),
(142, 'Dominica', 'quis'),
(143, 'Bahrain', 'eius'),
(144, 'Nigeria', 'et'),
(145, 'Samoa', 'eaque'),
(146, 'Suriname', 'non'),
(147, 'Iceland', 'vel'),
(148, 'Marshall Islands', 'rerum'),
(149, 'Benin', 'inventore'),
(150, 'Iraq', 'suscipit'),
(151, 'Jordan', 'accusamus'),
(152, 'Tokelau', 'dolorem'),
(153, 'Equatorial Guinea', 'est'),
(154, 'Mauritius', 'tenetur'),
(155, 'Venezuela', 'sit'),
(156, 'Egypt', 'provident'),
(157, 'Turks and Caicos Islands', 'voluptatem'),
(158, 'Tokelau', 'consequatur'),
(159, 'China', 'impedit'),
(160, 'Luxembourg', 'nam'),
(161, 'American Samoa', 'sit'),
(162, 'Mozambique', 'magnam'),
(163, 'Vanuatu', 'nemo'),
(164, 'Saint Kitts and Nevis', 'qui'),
(165, 'Korea', 'iste'),
(166, 'Mali', 'harum'),
(167, 'Montserrat', 'et'),
(168, 'Ethiopia', 'rerum'),
(169, 'American Samoa', 'fugiat'),
(170, 'Turkmenistan', 'facere'),
(171, 'Portugal', 'et'),
(172, 'Russian Federation', 'velit'),
(173, 'Indonesia', 'ut'),
(174, 'Korea', 'repellendus'),
(175, 'Eritrea', 'sit'),
(176, 'Kiribati', 'consequuntur'),
(177, 'Tajikistan', 'et'),
(178, 'Mayotte', 'quas'),
(179, 'Czech Republic', 'est'),
(180, 'Micronesia', 'reprehenderit'),
(181, 'Vietnam', 'accusamus'),
(182, 'New Zealand', 'quia'),
(183, 'Liberia', 'mollitia'),
(184, 'Kuwait', 'qui'),
(185, 'Finland', 'doloremque'),
(186, 'Ethiopia', 'aut'),
(187, 'Isle of Man', 'sapiente'),
(188, 'Palestinian Territories', 'consequatur'),
(189, 'Cote d\'Ivoire', 'tempore'),
(190, 'Mauritius', 'ut'),
(191, 'Tajikistan', 'consequatur'),
(192, 'Saint Helena', 'dolorum'),
(193, 'Antarctica (the territory South of 60 deg S)', 'quasi'),
(194, 'Swaziland', 'nobis'),
(195, 'Mauritania', 'fuga'),
(196, 'Grenada', 'perspiciatis'),
(197, 'Georgia', 'quasi'),
(198, 'China', 'dolore'),
(199, 'Estonia', 'sunt'),
(200, 'Palestinian Territories', 'impedit'),
(201, 'Ukraine', 'cumque'),
(202, 'Taiwan', 'ut'),
(203, 'Guinea-Bissau', 'quisquam'),
(204, 'Singapore', 'asperiores'),
(205, 'Angola', 'magnam'),
(206, 'Fiji', 'ea'),
(207, 'Lao People\'s Democratic Republic', 'voluptatem'),
(208, 'Isle of Man', 'cupiditate'),
(209, 'United Kingdom', 'ratione'),
(210, 'New Zealand', 'repellendus'),
(211, 'Jersey', 'nulla'),
(212, 'Angola', 'aperiam'),
(213, 'Armenia', 'eius'),
(214, 'Zimbabwe', 'adipisci'),
(215, 'Vietnam', 'voluptas'),
(216, 'Antarctica (the territory South of 60 deg S)', 'esse'),
(217, 'San Marino', 'qui'),
(218, 'Australia', 'placeat'),
(219, 'Netherlands', 'voluptatem'),
(220, 'Suriname', 'enim'),
(221, 'Cuba', 'voluptas'),
(222, 'Grenada', 'dolorem'),
(223, 'Trinidad and Tobago', 'deserunt'),
(224, 'Malawi', 'natus'),
(225, 'Gabon', 'fugiat'),
(226, 'Saint Vincent and the Grenadines', 'ipsam'),
(227, 'Cook Islands', 'reprehenderit'),
(228, 'Turkey', 'mollitia'),
(229, 'Congo', 'facere'),
(230, 'Jersey', 'sit'),
(231, 'Uzbekistan', 'ad'),
(232, 'Israel', 'molestias'),
(233, 'Italy', 'Italian'),
(234, 'Greece', 'nulla'),
(235, 'United Arab Emirates', 'eius'),
(236, 'Zimbabwe', 'culpa'),
(237, 'Honduras', 'harum'),
(238, 'Equatorial Guinea', 'sit'),
(239, 'Ireland', 'laboriosam'),
(240, 'Malawi', 'recusandae'),
(241, 'Palestinian Territories', 'hic'),
(242, 'Tanzania', 'delectus'),
(243, 'Nauru', 'voluptas'),
(244, 'Macao', 'aut'),
(245, 'Singapore', 'aut'),
(246, 'France', 'qui'),
(247, 'Guatemala', 'voluptatem'),
(248, 'Botswana', 'cum'),
(249, 'Belgium', 'nostrum'),
(250, 'Tuvalu', 'maiores'),
(251, 'Tuvalu', 'omnis'),
(252, 'Algeria', 'quos'),
(253, 'Vanuatu', 'ad'),
(254, 'Mozambique', 'quidem'),
(255, 'Heard Island and McDonald Islands', 'rerum'),
(256, 'Tunisia', 'laboriosam'),
(257, 'Guatemala', 'porro'),
(258, 'Kazakhstan', 'eos'),
(259, 'French Southern Territories', 'non'),
(260, 'Vietnam', 'quas'),
(261, 'Benin', 'eligendi'),
(262, 'Uruguay', 'et'),
(263, 'Nigeria', 'fuga'),
(264, 'Uganda', 'voluptatem'),
(265, 'Falkland Islands (Malvinas)', 'enim'),
(266, 'Armenia', 'voluptas'),
(267, 'Saint Pierre and Miquelon', 'dolore'),
(268, 'Benin', 'nisi'),
(269, 'United States Virgin Islands', 'aut'),
(270, 'Barbados', 'et'),
(271, 'Venezuela', 'beatae'),
(272, 'Northern Mariana Islands', 'cum'),
(273, 'Oman', 'doloremque'),
(274, 'Guyana', 'aut'),
(275, 'Hong Kong', 'perferendis'),
(276, 'Kenya', 'cupiditate'),
(277, 'Marshall Islands', 'repellat'),
(278, 'Malawi', 'qui'),
(279, 'Tajikistan', 'nisi'),
(280, 'Estonia', 'ipsa'),
(281, 'British Virgin Islands', 'nihil'),
(282, 'Cambodia', 'magnam'),
(283, 'Jamaica', 'impedit'),
(284, 'Ukraine', 'omnis'),
(285, 'Singapore', 'ut'),
(286, 'Sao Tome and Principe', 'officiis'),
(287, 'Iraq', 'reprehenderit'),
(288, 'Costa Rica', 'ut'),
(289, 'Korea', 'esse'),
(290, 'Ecuador', 'iure'),
(291, 'French Southern Territories', 'sed'),
(292, 'Comoros', 'aut'),
(293, 'Saint Martin', 'quod'),
(294, 'Macedonia', 'culpa'),
(295, 'Grenada', 'eos'),
(296, 'Macao', 'quibusdam'),
(297, 'Togo', 'eveniet'),
(298, 'Madagascar', 'quas'),
(299, 'Saint Lucia', 'voluptatem'),
(300, 'British Indian Ocean Territory (Chagos Archipelago)', 'soluta');

-- --------------------------------------------------------

--
-- Structure de la table `genre`
--

DROP TABLE IF EXISTS `genre`;
CREATE TABLE IF NOT EXISTS `genre` (
  `id` int(11) NOT NULL AUTO_INCREMENT,
  `name` varchar(255) COLLATE utf8mb4_unicode_ci NOT NULL,
  PRIMARY KEY (`id`)
) ENGINE=InnoDB DEFAULT CHARSET=utf8mb4 COLLATE=utf8mb4_unicode_ci;

-- --------------------------------------------------------

--
-- Structure de la table `song`
--

DROP TABLE IF EXISTS `song`;
CREATE TABLE IF NOT EXISTS `song` (
  `id` int(11) NOT NULL AUTO_INCREMENT,
  `name` varchar(255) COLLATE utf8mb4_unicode_ci NOT NULL,
  `duration` varchar(8) COLLATE utf8mb4_unicode_ci NOT NULL,
  `price` double NOT NULL,
  PRIMARY KEY (`id`)
) ENGINE=InnoDB AUTO_INCREMENT=101 DEFAULT CHARSET=utf8mb4 COLLATE=utf8mb4_unicode_ci;

--
-- Déchargement des données de la table `song`
--

INSERT INTO `song` (`id`, `name`, `duration`, `price`) VALUES
(1, 'Consequatur quisquam recusandae asperiores accusamus.', '247', 2),
(2, 'Omnis voluptates id amet et et.', '180', 0.79),
(3, 'Totam nulla quam ipsam voluptatem cupiditate.', '157', 1.12),
(4, 'Voluptas aut laudantium sit repudiandae esse.', '218', 0.89),
(5, 'Et itaque quibusdam tempora velit.', '249', 1.94),
(6, 'Soluta explicabo eligendi occaecati.', '278', 1.73),
(7, 'Eum sint dolorem delectus enim ipsum.', '130', 0.24),
(8, 'Et velit qui suscipit a.', '227', 0.93),
(9, 'Enim nostrum soluta qui ipsam.', '158', 0.34),
(10, 'Reiciendis aperiam et fuga.', '298', 0.68),
(11, 'Cumque est ducimus temporibus modi.', '281', 0.15),
(12, 'Non dicta eveniet exercitationem aut.', '249', 0.24),
(13, 'Cupiditate sit vitae.', '178', 1.83),
(14, 'Voluptates ut optio quos.', '225', 0.11),
(15, 'Nihil laborum vero a officia.', '253', 0.61),
(16, 'Saepe provident esse hic.', '245', 0.99),
(17, 'Ut ab voluptas sed a.', '240', 1.73),
(18, 'Autem inventore aut officia aut.', '138', 0.91),
(19, 'Ducimus eos odit amet et est.', '217', 1.66),
(20, 'Molestiae quidem ut sunt.', '164', 1.28),
(21, 'Accusamus aut nemo fuga est.', '255', 1.28),
(22, 'Et enim ex eveniet.', '256', 1.15),
(23, 'Delectus aut nam.', '210', 0.76),
(24, 'Fugit repellendus illo.', '131', 0.9),
(25, 'Esse veritatis voluptate vel.', '257', 1.53),
(26, 'Incidunt sunt cumque.', '299', 0.46),
(27, 'Sequi cum culpa rem.', '121', 1.77),
(28, 'Est rem dicta voluptas.', '232', 0.93),
(29, 'Qui architecto fugiat nemo omnis consequatur.', '289', 1.64),
(30, 'Eos quod veritatis vel optio.', '216', 1.86),
(31, 'Magnam molestias et quibusdam.', '287', 0.1),
(32, 'Voluptatum quia ipsum voluptatibus est.', '124', 1.8),
(33, 'Atque possimus aut dolores quis totam.', '161', 0.9),
(34, 'Nesciunt est quia.', '259', 0.56),
(35, 'Qui similique ut.', '224', 1.12),
(36, 'Reiciendis sit et nihil.', '162', 1.43),
(37, 'Laborum iure molestiae et.', '164', 0.51),
(38, 'Iste in dolores harum.', '290', 0.31),
(39, 'Quasi quae sint.', '281', 0.43),
(40, 'Et quo aperiam natus.', '182', 1.98),
(41, 'Quasi impedit aperiam.', '185', 1.14),
(42, 'Sed architecto quod nulla.', '254', 1.69),
(43, 'Inventore esse harum accusantium rerum.', '273', 0.53),
(44, 'Optio quos sed autem voluptatibus.', '270', 0.2),
(45, 'Omnis sit nisi.', '289', 0.08),
(46, 'Sit id labore similique ut.', '177', 0.93),
(47, 'Eveniet quam vero.', '232', 0.97),
(48, 'Temporibus maxime sint suscipit laudantium.', '253', 0.26),
(49, 'Voluptas fuga non autem non non.', '137', 0.49),
(50, 'Itaque ex quaerat.', '283', 1.61),
(51, 'Consequatur non rerum in cupiditate voluptas.', '287', 1.25),
(52, 'Cum non qui quaerat cupiditate.', '161', 1.47),
(53, 'Dolorem veritatis voluptatem.', '122', 0.85),
(54, 'Ut iure possimus ab in.', '291', 1.85),
(55, 'Sed vitae maiores ex.', '133', 0.78),
(56, 'Corrupti dolorem reprehenderit ut.', '200', 1.1),
(57, 'Consequatur sint consequatur est qui doloremque.', '126', 1.64),
(58, 'Accusamus beatae dolores enim et.', '299', 1.96),
(59, 'Quae sapiente quia suscipit doloribus.', '214', 1.65),
(60, 'Libero quas magni rerum consequatur laudantium.', '182', 1.43),
(61, 'Rerum esse eveniet debitis omnis voluptatem.', '124', 1.81),
(62, 'Praesentium et praesentium.', '237', 0.4),
(63, 'Porro consequuntur quos hic.', '228', 1.37),
(64, 'Illo velit eius similique dolore consequatur.', '276', 0.63),
(65, 'Saepe dolor in perspiciatis sit.', '154', 1.58),
(66, 'Laborum hic hic reiciendis.', '225', 1.89),
(67, 'In dicta molestiae asperiores consequuntur.', '123', 1.57),
(68, 'Aliquam doloremque et reprehenderit nesciunt.', '270', 0.42),
(69, 'Esse et ut quis corporis.', '194', 0.59),
(70, 'Non ratione eaque possimus quia.', '246', 0.19),
(71, 'Repellat tempore quod tempore totam iste.', '234', 0.76),
(72, 'Velit voluptatibus in laudantium.', '177', 1.75),
(73, 'Dignissimos et dolorem doloremque.', '196', 0.65),
(74, 'Quibusdam ad in maiores.', '182', 0.44),
(75, 'Sapiente quia recusandae aut numquam.', '181', 1.04),
(76, 'Reiciendis quod ullam at.', '217', 1.06),
(77, 'Sed amet sunt vitae enim sapiente.', '213', 1.12),
(78, 'Reiciendis similique et laudantium vel.', '182', 0.72),
(79, 'Est et nihil beatae omnis voluptatibus.', '128', 0.36),
(80, 'Vel eos officiis et.', '244', 0.68),
(81, 'Amet neque deleniti totam.', '138', 0.69),
(82, 'Omnis voluptatem velit nesciunt eligendi.', '145', 1.83),
(83, 'Voluptates quo incidunt omnis aut.', '176', 1.41),
(84, 'Ut culpa dolore rem est est.', '120', 0.33),
(85, 'Nihil esse repudiandae pariatur.', '191', 1.54),
(86, 'Consequatur fugit ad iste minus.', '174', 1.27),
(87, 'Vero soluta nostrum ea dolores.', '125', 1.25),
(88, 'Qui et molestias hic.', '252', 1.23),
(89, 'Porro voluptatibus enim quia reprehenderit.', '143', 1.67),
(90, 'Officiis velit alias et.', '233', 0.58),
(91, 'Distinctio ratione quis.', '284', 1.69),
(92, 'Eos omnis inventore perferendis.', '147', 0.68),
(93, 'Consequatur ullam voluptas et.', '160', 1.99),
(94, 'Excepturi sint dolores quaerat.', '139', 0.64),
(95, 'Accusantium natus voluptatem ut.', '137', 0.61),
(96, 'Ut ut sapiente ut qui.', '234', 0.19),
(97, 'Amet velit aut delectus iure.', '217', 0.01),
(98, 'Perspiciatis deserunt omnis inventore mollitia unde.', '229', 0.8),
(99, 'Porro molestiae in maxime sint.', '125', 1.14),
(100, 'Est dolores consectetur.', '199', 1.5);

--
-- Contraintes pour les tables déchargées
--

--
-- Contraintes pour la table `album_artist`
--
ALTER TABLE `album_artist`
  ADD CONSTRAINT `FK_D322AB301137ABCF` FOREIGN KEY (`album_id`) REFERENCES `album` (`id`),
  ADD CONSTRAINT `FK_D322AB30B7970CF8` FOREIGN KEY (`artist_id`) REFERENCES `artist` (`id`);

--
-- Contraintes pour la table `album_artist_genre`
--
ALTER TABLE `album_artist_genre`
  ADD CONSTRAINT `FK_8F119A924296D31F` FOREIGN KEY (`genre_id`) REFERENCES `genre` (`id`) ON DELETE CASCADE,
  ADD CONSTRAINT `FK_8F119A92DAB904B5` FOREIGN KEY (`album_artist_id`) REFERENCES `album_artist` (`id`) ON DELETE CASCADE;

--
-- Contraintes pour la table `album_song`
--
ALTER TABLE `album_song`
  ADD CONSTRAINT `FK_57E658E11137ABCF` FOREIGN KEY (`album_id`) REFERENCES `album` (`id`) ON DELETE CASCADE,
  ADD CONSTRAINT `FK_57E658E1A0BDB2F3` FOREIGN KEY (`song_id`) REFERENCES `song` (`id`) ON DELETE CASCADE;

--
-- Contraintes pour la table `artist`
--
ALTER TABLE `artist`
  ADD CONSTRAINT `FK_1599687F92F3E70` FOREIGN KEY (`country_id`) REFERENCES `country` (`id`);

--
-- Contraintes pour la table `artist_genre`
--
ALTER TABLE `artist_genre`
  ADD CONSTRAINT `FK_E35C03AB4296D31F` FOREIGN KEY (`genre_id`) REFERENCES `genre` (`id`) ON DELETE CASCADE,
  ADD CONSTRAINT `FK_E35C03ABB7970CF8` FOREIGN KEY (`artist_id`) REFERENCES `artist` (`id`) ON DELETE CASCADE;
COMMIT;

/*!40101 SET CHARACTER_SET_CLIENT=@OLD_CHARACTER_SET_CLIENT */;
/*!40101 SET CHARACTER_SET_RESULTS=@OLD_CHARACTER_SET_RESULTS */;
/*!40101 SET COLLATION_CONNECTION=@OLD_COLLATION_CONNECTION */;
