-- phpMyAdmin SQL Dump
-- version 5.0.2
-- https://www.phpmyadmin.net/
--
-- Hôte : 127.0.0.1:3307
-- Généré le : jeu. 18 fév. 2021 à 22:18
-- Version du serveur :  10.4.13-MariaDB
-- Version de PHP : 7.3.21

SET SQL_MODE = "NO_AUTO_VALUE_ON_ZERO";
START TRANSACTION;
SET time_zone = "+00:00";


/*!40101 SET @OLD_CHARACTER_SET_CLIENT=@@CHARACTER_SET_CLIENT */;
/*!40101 SET @OLD_CHARACTER_SET_RESULTS=@@CHARACTER_SET_RESULTS */;
/*!40101 SET @OLD_COLLATION_CONNECTION=@@COLLATION_CONNECTION */;
/*!40101 SET NAMES utf8mb4 */;

--
-- Base de données : `games-platform`
--
CREATE DATABASE `games-platform`;
USE `games-platform`;

-- --------------------------------------------------------

--
-- Structure de la table `account`
--

DROP TABLE IF EXISTS `account`;
CREATE TABLE IF NOT EXISTS `account` (
  `id` int(11) NOT NULL AUTO_INCREMENT,
  `name` varchar(255) COLLATE utf8mb4_unicode_ci NOT NULL,
  `email` varchar(255) COLLATE utf8mb4_unicode_ci NOT NULL,
  `nickname` varchar(255) COLLATE utf8mb4_unicode_ci DEFAULT NULL,
  PRIMARY KEY (`id`)
) ENGINE=InnoDB AUTO_INCREMENT=251 DEFAULT CHARSET=utf8mb4 COLLATE=utf8mb4_unicode_ci;

--
-- Déchargement des données de la table `account`
--

INSERT INTO `account` (`id`, `name`, `email`, `nickname`) VALUES
(1, 'monty93', 'zprosacco@hotmail.com', 'pvandervort'),
(2, 'morissette.erna', 'wkohler@johnson.com', 'chasity.lynch'),
(3, 'zrunolfsson', 'heloise.littel@kiehn.com', 'uweimann'),
(4, 'donnelly.virginia', 'maximillian51@terry.net', 'xsimonis'),
(5, 'wisoky.clifford', 'osinski.heath@mccullough.com', 'mmedhurst'),
(6, 'hhackett', 'haley.cleve@yahoo.com', 'gbarton'),
(7, 'estella74', 'pierce22@hotmail.com', 'lockman.annabell'),
(8, 'cgreenfelder', 'christiansen.agustina@gmail.com', 'christina.vandervort'),
(9, 'josie.mcdermott', 'lambert85@will.com', 'dee89'),
(10, 'ubaldo69', 'allison76@lesch.org', 'karianne79'),
(11, 'wiza.asia', 'jacky.conn@braun.com', 'kaylin83'),
(12, 'lydia.hegmann', 'nienow.sarai@hotmail.com', 'madie.rolfson'),
(13, 'deontae26', 'oromaguera@cartwright.org', 'ondricka.geovanny'),
(14, 'buckridge.alvena', 'halle.beier@jaskolski.com', 'cruecker'),
(15, 'marvin.zelma', 'mariano.mayert@koss.com', 'qgreenfelder'),
(16, 'omer.mueller', 'brempel@sipes.com', 'tremaine82'),
(17, 'nicholas06', 'tiana23@gmail.com', 'quinton92'),
(18, 'rath.buddy', 'amonahan@treutel.org', 'arianna.collins'),
(19, 'deion.king', 'reinger.orval@gottlieb.com', 'vita57'),
(20, 'wilbert18', 'monroe18@yahoo.com', 'salvatore.frami'),
(21, 'junius.mayer', 'breanne12@bernhard.com', 'ftremblay'),
(22, 'morissette.alexandra', 'bella.bins@hotmail.com', 'herzog.dolly'),
(23, 'bins.rosella', 'bschmeler@yahoo.com', 'tyrell84'),
(24, 'maryse.kulas', 'ressie.brakus@crona.info', 'heaney.alfreda'),
(25, 'kristian24', 'jackson01@hotmail.com', 'loyce.kuhic'),
(26, 'myra91', 'bernadine.waters@runolfsdottir.biz', 'hilpert.christelle'),
(27, 'fisher.tremayne', 'penelope.stehr@schowalter.org', 'katherine83'),
(28, 'tmueller', 'grempel@yahoo.com', 'rippin.clay'),
(29, 'halvorson.hector', 'norval.beahan@yahoo.com', 'lwalsh'),
(30, 'bode.evangeline', 'jarrod.cummerata@hudson.org', 'thea.schowalter'),
(31, 'phill', 'barton.macie@strosin.com', 'hagenes.xavier'),
(32, 'blittel', 'hartmann.katharina@hotmail.com', 'nosinski'),
(33, 'torp.janiya', 'macie41@tremblay.net', 'acorwin'),
(34, 'lbashirian', 'celestine.kassulke@raynor.com', 'lila.paucek'),
(35, 'kbechtelar', 'rashawn86@haley.info', 'pdavis'),
(36, 'coy78', 'vella97@mccullough.org', 'benny42'),
(37, 'achamplin', 'alfonso92@yahoo.com', 'simonis.keagan'),
(38, 'eudora.graham', 'nils.ward@considine.com', 'sdubuque'),
(39, 'stracke.margie', 'julio63@yahoo.com', 'jast.gwen'),
(40, 'scotty.hoeger', 'alfonso.johnston@hand.com', 'ogoldner'),
(41, 'fheaney', 'ycasper@gmail.com', 'hayes.destiney'),
(42, 'hroberts', 'sabrina20@gmail.com', 'dorthy95'),
(43, 'nola97', 'kohler.estelle@yahoo.com', 'qrutherford'),
(44, 'okey98', 'goyette.betsy@swift.org', 'hillard18'),
(45, 'kris.bradley', 'brandi41@crona.biz', 'von.susanna'),
(46, 'jules11', 'corrine58@franecki.com', 'aaliyah16'),
(47, 'helga.veum', 'laisha.hickle@gmail.com', 'mireya.gulgowski'),
(48, 'rubye68', 'alexis.mueller@feil.info', 'vanessa73'),
(49, 'megane98', 'camryn.skiles@hickle.net', 'abbott.lucinda'),
(50, 'lyric.cormier', 'mstamm@conn.info', 'ankunding.fern'),
(51, 'elenora.hansen', 'zieme.jerrell@von.com', 'ernest.heathcote'),
(52, 'macejkovic.walter', 'creola.wisoky@windler.org', 'nicolas.melany'),
(53, 'jast.violet', 'xander54@medhurst.info', 'mertz.lilly'),
(54, 'melisa.kassulke', 'aleen56@gmail.com', 'coty44'),
(55, 'fkessler', 'bauch.enola@hotmail.com', 'holden27'),
(56, 'fgerlach', 'triston53@hotmail.com', 'meaghan55'),
(57, 'wade.lueilwitz', 'schiller.ernesto@turner.com', 'diamond96'),
(58, 'nienow.clare', 'nigel.wintheiser@gmail.com', 'nswaniawski'),
(59, 'elsie.ryan', 'luettgen.phoebe@hotmail.com', 'rmorissette'),
(60, 'dubuque.fanny', 'dawson07@crooks.com', 'art34'),
(61, 'braun.frieda', 'jennings08@gmail.com', 'bridget11'),
(62, 'pierce.rempel', 'justina67@emmerich.info', 'johnson.leila'),
(63, 'mayert.olaf', 'nmoore@gmail.com', 'mathilde.cassin'),
(64, 'maurice98', 'shintz@reilly.com', 'shea95'),
(65, 'kerluke.loyce', 'yhowe@hane.net', 'hettinger.demarco'),
(66, 'adrienne.glover', 'euna91@hotmail.com', 'ondricka.sean'),
(67, 'qhartmann', 'dernser@watsica.net', 'nicolette46'),
(68, 'ybechtelar', 'rwuckert@stroman.org', 'opaucek'),
(69, 'gaylord.rollin', 'tlesch@hotmail.com', 'gerlach.mina'),
(70, 'johnston.ryder', 'quinten00@lubowitz.net', 'kunze.tracy'),
(71, 'cconsidine', 'waters.rosa@gmail.com', 'helmer.abbott'),
(72, 'armando82', 'stella.considine@sipes.com', 'christophe07'),
(73, 'kamryn36', 'bradly41@bechtelar.net', 'yhansen'),
(74, 'spinka.glennie', 'aubree29@legros.com', 'cbergnaum'),
(75, 'hlangosh', 'eoreilly@ward.com', 'darron.okeefe'),
(76, 'alexane85', 'julian.west@gmail.com', 'johnston.irving'),
(77, 'etreutel', 'verla97@harris.com', 'elvie89'),
(78, 'mike.larkin', 'auer.darby@hotmail.com', 'rahsaan.konopelski'),
(79, 'lurline60', 'adriana.smith@waelchi.info', 'mossie19'),
(80, 'jeanette.sawayn', 'koepp.shawn@stracke.com', 'mavis57'),
(81, 'sarina.nolan', 'jessyca81@greenfelder.com', 'icie.windler'),
(82, 'darrell67', 'pink.romaguera@yahoo.com', 'bernier.marilie'),
(83, 'ethyl54', 'davis.duncan@marvin.biz', 'matilda87'),
(84, 'monty.schroeder', 'friesen.fredy@yahoo.com', 'joan.welch'),
(85, 'nitzsche.jacky', 'bartoletti.darryl@hotmail.com', 'wuckert.alejandra'),
(86, 'jailyn.becker', 'royal27@gmail.com', 'clay.upton'),
(87, 'lacey31', 'fhaley@yahoo.com', 'fmetz'),
(88, 'ekirlin', 'jeremie.kemmer@yahoo.com', 'trudie.emmerich'),
(89, 'kmcclure', 'hazel.hayes@yahoo.com', 'ypfannerstill'),
(90, 'qwisoky', 'rasheed80@gulgowski.info', 'brennan.padberg'),
(91, 'green.yessenia', 'maltenwerth@hotmail.com', 'lyda.homenick'),
(92, 'ivandervort', 'carmel30@ward.org', 'maximilian96'),
(93, 'lucie93', 'andres.spinka@runte.com', 'hayes.adelia'),
(94, 'turner.angie', 'alda37@gmail.com', 'jace.lebsack'),
(95, 'kaycee82', 'amir.christiansen@hotmail.com', 'fritsch.miles'),
(96, 'vsanford', 'kswift@yahoo.com', 'witting.haleigh'),
(97, 'emilio.lesch', 'ruecker.katherine@mcclure.com', 'lebsack.sincere'),
(98, 'nlegros', 'marlon.watsica@hotmail.com', 'taurean69'),
(99, 'alberta.crona', 'obrekke@wolff.com', 'gerardo.okeefe'),
(100, 'iskiles', 'greenfelder.lavonne@roberts.com', 'kiehn.joelle'),
(101, 'tlowe', 'xwiegand@yahoo.com', 'easter88'),
(102, 'xwolff', 'mills.cecilia@yahoo.com', 'verona70'),
(103, 'sharon.frami', 'jaiden84@reichel.com', 'alittel'),
(104, 'slittle', 'bianka.hackett@yahoo.com', 'palma.windler'),
(105, 'rodolfo24', 'amy.fay@hotmail.com', 'wendy.wehner'),
(106, 'davis.astrid', 'dannie.beer@gmail.com', 'elza08'),
(107, 'reba.konopelski', 'glover.thaddeus@jast.net', 'fdaniel'),
(108, 'leif.bode', 'stokes.reyna@gmail.com', 'schmidt.daisy'),
(109, 'lbernhard', 'tyson.feeney@murray.com', 'marquardt.kim'),
(110, 'alisha02', 'cjenkins@hotmail.com', 'price.jasper'),
(111, 'koby74', 'johnathan81@wilkinson.org', 'laverna69'),
(112, 'isaac.sauer', 'edgar.crooks@rowe.com', 'kassulke.alberto'),
(113, 'addison20', 'vwilkinson@gmail.com', 'meda.turcotte'),
(114, 'rowe.camille', 'coy74@bartell.info', 'aledner'),
(115, 'arno81', 'prohaska.davin@braun.com', 'bschulist'),
(116, 'earline54', 'rippin.alana@cartwright.info', 'jacinthe72'),
(117, 'xpfannerstill', 'arjun.leuschke@gmail.com', 'kwyman'),
(118, 'alysson02', 'dillon.eichmann@bahringer.biz', 'larry35'),
(119, 'hane.jaunita', 'louie22@hotmail.com', 'earnestine12'),
(120, 'bwaters', 'pveum@davis.com', 'else.kerluke'),
(121, 'jeramy.dickens', 'stephania.muller@donnelly.com', 'conroy.daisy'),
(122, 'ngoyette', 'lelia98@rutherford.com', 'scot.parker'),
(123, 'ara.bernier', 'olen.kub@beer.net', 'arnold99'),
(124, 'jayde.trantow', 'josianne.maggio@ernser.net', 'keebler.hailey'),
(125, 'pollich.emmanuelle', 'csmitham@mcclure.org', 'alexander29'),
(126, 'kaya04', 'antoinette.mclaughlin@gmail.com', 'qquitzon'),
(127, 'grace54', 'don69@yahoo.com', 'langworth.reymundo'),
(128, 'ukulas', 'deckow.marjolaine@gmail.com', 'hudson.timmy'),
(129, 'angelina13', 'imcglynn@hotmail.com', 'schmidt.odie'),
(130, 'amie.zulauf', 'cfranecki@hotmail.com', 'wbuckridge'),
(131, 'baumbach.aglae', 'ernestine.rippin@padberg.org', 'mkuphal'),
(132, 'bwehner', 'mjerde@hotmail.com', 'art.fisher'),
(133, 'wilber33', 'garnett.volkman@hotmail.com', 'willard.rath'),
(134, 'wconroy', 'qmarquardt@gmail.com', 'zschinner'),
(135, 'leland.schamberger', 'stan48@boehm.com', 'weber.gabrielle'),
(136, 'zzieme', 'predovic.iliana@dicki.com', 'benjamin14'),
(137, 'feeney.muriel', 'qhomenick@heaney.info', 'ritchie.adaline'),
(138, 'tcruickshank', 'llewellyn.mckenzie@morissette.com', 'mhoeger'),
(139, 'dortha13', 'dana.bruen@gmail.com', 'robbie08'),
(140, 'rhansen', 'btorp@hessel.biz', 'vokuneva'),
(141, 'wiegand.garret', 'dgaylord@hotmail.com', 'emcdermott'),
(142, 'turcotte.kariane', 'howell.jarrett@tillman.com', 'kunde.paris'),
(143, 'mschuppe', 'dkuhn@hotmail.com', 'ian82'),
(144, 'bergstrom.arden', 'okon.sarah@lesch.com', 'carole.kuhn'),
(145, 'emard.erin', 'ernser.steve@mohr.com', 'garnett09'),
(146, 'holly37', 'ebony.aufderhar@schuppe.com', 'gail.bartell'),
(147, 'pollich.aric', 'mireille.kulas@koepp.info', 'igibson'),
(148, 'bhickle', 'pjohnson@gmail.com', 'cdicki'),
(149, 'sonia.crona', 'ardella.willms@kozey.com', 'upaucek'),
(150, 'qwaelchi', 'padberg.lamont@crist.com', 'afarrell'),
(151, 'raul90', 'florence23@yahoo.com', 'cloyd.jenkins'),
(152, 'koepp.jed', 'lavina.kertzmann@barton.org', 'radams'),
(153, 'batz.myriam', 'lauren81@adams.com', 'edgardo80'),
(154, 'armstrong.emile', 'yesenia.lubowitz@smitham.com', 'patience29'),
(155, 'little.jena', 'schaefer.sandy@sauer.com', 'kiehn.maggie'),
(156, 'kadams', 'antonio25@gmail.com', 'william69'),
(157, 'nfisher', 'hgreenfelder@kuphal.biz', 'kian80'),
(158, 'herminio.weber', 'shanelle54@yahoo.com', 'bogan.antwon'),
(159, 'oschuster', 'wromaguera@green.com', 'kreichert'),
(160, 'osmith', 'nikolaus.amiya@rohan.com', 'tkertzmann'),
(161, 'dayton.rippin', 'ayundt@langosh.info', 'jamil.dubuque'),
(162, 'mohr.hailie', 'schinner.gerald@kemmer.biz', 'june.bechtelar'),
(163, 'muhammad.mann', 'brakus.barney@swift.com', 'djenkins'),
(164, 'rice.florine', 'thiel.cesar@cruickshank.com', 'schaden.everett'),
(165, 'mae45', 'christina.koch@hotmail.com', 'blanda.edmond'),
(166, 'wyman.golden', 'kweissnat@gmail.com', 'karolann83'),
(167, 'justine36', 'rex.daugherty@deckow.biz', 'brooklyn41'),
(168, 'blanda.aliya', 'ena.block@rath.com', 'moore.juana'),
(169, 'lesch.alf', 'magdalena97@blick.info', 'ruecker.peggie'),
(170, 'uemmerich', 'pbechtelar@mcclure.com', 'connelly.rosie'),
(171, 'jarrod60', 'nigel34@bashirian.com', 'pmonahan'),
(172, 'hackett.andres', 'jeromy17@yahoo.com', 'verona42'),
(173, 'goyette.rex', 'chester22@oconnell.info', 'adan.powlowski'),
(174, 'fannie85', 'cale.medhurst@gmail.com', 'annabel70'),
(175, 'xstrosin', 'cordie03@bogisich.com', 'dgulgowski'),
(176, 'samara.corkery', 'kblanda@rohan.net', 'ewaelchi'),
(177, 'omante', 'hirthe.kianna@yahoo.com', 'lubowitz.olga'),
(178, 'kayden.mccullough', 'katelynn99@hotmail.com', 'rmcclure'),
(179, 'turcotte.darlene', 'christiansen.mina@yahoo.com', 'emely.schmeler'),
(180, 'domingo86', 'avis.stiedemann@crona.biz', 'romaguera.gerry'),
(181, 'martin70', 'marion02@hotmail.com', 'shana01'),
(182, 'silas.marquardt', 'npfeffer@gmail.com', 'casey.batz'),
(183, 'towne.jacynthe', 'lblanda@gmail.com', 'jordyn23'),
(184, 'elsie15', 'miracle94@hotmail.com', 'runolfsdottir.robbie'),
(185, 'nettie81', 'king.alivia@kunde.com', 'igleichner'),
(186, 'milan.watsica', 'ismael.sanford@yahoo.com', 'dbrekke'),
(187, 'josue.hagenes', 'rmitchell@hotmail.com', 'everette.ziemann'),
(188, 'jacobson.jonathon', 'augustine51@gmail.com', 'green.janessa'),
(189, 'justice.schultz', 'runte.demetrius@cronin.com', 'adrienne91'),
(190, 'gillian95', 'gail.koepp@conroy.info', 'okemmer'),
(191, 'gpurdy', 'lisandro64@yahoo.com', 'mac28'),
(192, 'kuhlman.alexandre', 'ophelia27@hotmail.com', 'dock06'),
(193, 'roberta.parker', 'oscar52@hotmail.com', 'pmacejkovic'),
(194, 'dayana.kris', 'emilio06@gmail.com', 'zcrona'),
(195, 'mcglynn.julius', 'jakob78@legros.com', 'schaden.velda'),
(196, 'zboncak.jacynthe', 'ckertzmann@yahoo.com', 'xjakubowski'),
(197, 'muller.miles', 'brandt60@gmail.com', 'sanford.robyn'),
(198, 'braxton.hand', 'rudolph29@bailey.biz', 'duncan.nader'),
(199, 'eduardo70', 'jtillman@yahoo.com', 'jbotsford'),
(200, 'virgil.effertz', 'violette.witting@gmail.com', 'efren.pfannerstill'),
(201, 'lkemmer', 'dante.jacobson@bins.com', 'bdicki'),
(202, 'willy.brakus', 'oceane.kling@dickens.org', 'ledner.trent'),
(203, 'robyn96', 'gerlach.anita@gmail.com', 'jfriesen'),
(204, 'ratke.kole', 'loma.haley@hotmail.com', 'dion.gottlieb'),
(205, 'arnaldo09', 'xcasper@wehner.com', 'felicity62'),
(206, 'ebednar', 'rice.brannon@gmail.com', 'ybalistreri'),
(207, 'blockman', 'dolores.ruecker@gmail.com', 'deonte28'),
(208, 'oberbrunner.renee', 'zachary61@yahoo.com', 'bailee.lesch'),
(209, 'santino.wolf', 'jrowe@rowe.info', 'caitlyn78'),
(210, 'elbert38', 'baylee.howell@hotmail.com', 'amiya88'),
(211, 'berge.teagan', 'golden.gislason@weimann.com', 'wintheiser.tanner'),
(212, 'maximus39', 'umarquardt@lowe.com', 'lilla28'),
(213, 'hilma.quitzon', 'felix61@zboncak.com', 'hartmann.raphaelle'),
(214, 'senger.abdiel', 'etha.carter@hotmail.com', 'koepp.declan'),
(215, 'vivian49', 'ima61@gmail.com', 'prudence.klocko'),
(216, 'amy.hoeger', 'emory.kertzmann@gmail.com', 'schamberger.hayden'),
(217, 'mckenzie.bridie', 'jadon.jerde@donnelly.net', 'glind'),
(218, 'zhane', 'leonor23@hotmail.com', 'arvid.rodriguez'),
(219, 'ebert.wellington', 'rita.bartell@beatty.com', 'pprohaska'),
(220, 'naomi.kohler', 'alva.smitham@yahoo.com', 'pbalistreri'),
(221, 'alf.rosenbaum', 'elizabeth.ziemann@yahoo.com', 'runolfsdottir.tessie'),
(222, 'hanna.donnelly', 'keshawn81@yahoo.com', 'vanessa.pacocha'),
(223, 'lisandro57', 'josianne45@collins.com', 'stefanie35'),
(224, 'lexus60', 'bergnaum.neil@gmail.com', 'little.bernadine'),
(225, 'brown.wyman', 'bonita56@gmail.com', 'rosella75'),
(226, 'billie.pollich', 'hermann12@gmail.com', 'lohara'),
(227, 'theresa27', 'francesca.heller@yundt.com', 'joan.lind'),
(228, 'albertha.friesen', 'kaitlyn37@yahoo.com', 'blick.robb'),
(229, 'qgutkowski', 'omills@zboncak.com', 'reed.dickinson'),
(230, 'pwilliamson', 'hwisoky@yahoo.com', 'goldner.creola'),
(231, 'mozell54', 'eldred.berge@tremblay.com', 'ebradtke'),
(232, 'reese.pfeffer', 'zboncak.karen@legros.net', 'general47'),
(233, 'cale.schneider', 'nkreiger@jaskolski.com', 'bria.schulist'),
(234, 'gutmann.taya', 'iwhite@hotmail.com', 'nitzsche.mariana'),
(235, 'rolfson.audreanne', 'dominic34@yahoo.com', 'ellen04'),
(236, 'zachery.vandervort', 'swillms@yahoo.com', 'xjohnston'),
(237, 'tbaumbach', 'stephen.thiel@cremin.org', 'konopelski.mike'),
(238, 'nwhite', 'lmclaughlin@jacobs.com', 'ndibbert'),
(239, 'clarissa86', 'molly.ullrich@bechtelar.com', 'carter.runte'),
(240, 'nicholas.shanahan', 'zgraham@gmail.com', 'juvenal14'),
(241, 'cbogan', 'tyson.klein@bechtelar.com', 'marian00'),
(242, 'alexzander54', 'burdette.bogan@hotmail.com', 'claude92'),
(243, 'ryan.joaquin', 'paucek.gaston@bogan.com', 'stefanie81'),
(244, 'dcormier', 'daphnee94@effertz.com', 'lue.rowe'),
(245, 'gmiller', 'ihuel@yahoo.com', 'friesen.jarvis'),
(246, 'ybauch', 'precious.little@miller.com', 'rterry'),
(247, 'isac.feil', 'russel.zander@hotmail.com', 'rowena85'),
(248, 'jabari00', 'roob.emmalee@yahoo.com', 'taryn67'),
(249, 'adams.rosa', 'vhayes@gmail.com', 'gwisoky'),
(250, 'qwalter', 'farrell.kyle@yahoo.com', 'winfield.skiles');

-- --------------------------------------------------------

--
-- Structure de la table `doctrine_migration_versions`
--

DROP TABLE IF EXISTS `doctrine_migration_versions`;
CREATE TABLE IF NOT EXISTS `doctrine_migration_versions` (
  `version` varchar(191) COLLATE utf8_unicode_ci NOT NULL,
  `executed_at` datetime DEFAULT NULL,
  `execution_time` int(11) DEFAULT NULL,
  PRIMARY KEY (`version`)
) ENGINE=InnoDB DEFAULT CHARSET=utf8 COLLATE=utf8_unicode_ci;

--
-- Déchargement des données de la table `doctrine_migration_versions`
--

INSERT INTO `doctrine_migration_versions` (`version`, `executed_at`, `execution_time`) VALUES
('DoctrineMigrations\\Version20210218204132', '2021-02-18 20:41:38', 340),
('DoctrineMigrations\\Version20210218212401', '2021-02-18 21:24:04', 24);

-- --------------------------------------------------------

--
-- Structure de la table `games`
--

DROP TABLE IF EXISTS `games`;
CREATE TABLE IF NOT EXISTS `games` (
  `id` int(11) NOT NULL AUTO_INCREMENT,
  `name` varchar(255) COLLATE utf8mb4_unicode_ci NOT NULL,
  `published_at` datetime NOT NULL,
  `price` double NOT NULL,
  PRIMARY KEY (`id`)
) ENGINE=InnoDB AUTO_INCREMENT=26 DEFAULT CHARSET=utf8mb4 COLLATE=utf8mb4_unicode_ci;

--
-- Déchargement des données de la table `games`
--

INSERT INTO `games` (`id`, `name`, `published_at`, `price`) VALUES
(1, 'League of Legends', '2009-12-30 16:57:27', 18),
(2, 'World of Warcraft', '2004-10-07 20:03:55', 33),
(3, 'Overwatch', '2016-01-20 14:07:40', 15),
(4, 'Starcraft', '1998-09-06 14:19:37', 15),
(5, 'Civilization VI', '2016-01-21 22:27:53', 16),
(6, 'Call of Duty', '2003-11-07 02:04:37', 20),
(7, 'Apex la Légende', '2019-10-22 01:49:22', 10),
(8, 'Counter Strike : Globale Offensive', '2012-06-11 00:17:21', 15),
(9, 'Player Unknown Battleground', '2016-07-02 04:47:55', 10),
(10, 'DotA 2', '2013-04-25 11:18:45', 1),
(11, 'GTA V', '2013-04-20 00:50:45', 41),
(12, 'Minecraft', '2011-11-16 22:56:00', 25),
(13, 'The Witcher III : Wild Hunt', '2015-11-21 18:56:51', 19),
(14, 'The Elder Scrolls V : Skyrim', '2011-10-02 21:25:14', 38),
(15, 'Dark Souls', '2011-03-28 22:16:46', 39),
(16, 'Assassin\'s Creed', '2009-06-19 13:56:08', 36),
(17, 'Cyberpunk 2077', '2020-08-13 16:57:42', 45),
(18, 'Borderlands 2', '2012-06-05 05:44:10', 46),
(19, 'Final Fantasy VII', '1997-01-04 00:21:39', 13),
(20, 'SimCity 2000', '1993-06-02 02:18:45', 2),
(21, 'Age of Empire II', '1993-03-13 12:04:50', 15),
(22, 'Monster Hunter : World', '2018-01-29 13:09:55', 32),
(23, 'Diablo III', '2012-10-03 04:39:42', 40),
(24, 'Path of Exile', '2013-12-23 21:04:04', 16),
(25, 'Magic : Arena', '2018-12-25 05:23:40', 7);

-- --------------------------------------------------------

--
-- Structure de la table `games_genre`
--

DROP TABLE IF EXISTS `games_genre`;
CREATE TABLE IF NOT EXISTS `games_genre` (
  `games_id` int(11) NOT NULL,
  `genre_id` int(11) NOT NULL,
  PRIMARY KEY (`games_id`,`genre_id`),
  KEY `IDX_7C40214497FFC673` (`games_id`),
  KEY `IDX_7C4021444296D31F` (`genre_id`)
) ENGINE=InnoDB DEFAULT CHARSET=utf8mb4 COLLATE=utf8mb4_unicode_ci;

--
-- Déchargement des données de la table `games_genre`
--

INSERT INTO `games_genre` (`games_id`, `genre_id`) VALUES
(1, 6),
(2, 4),
(2, 5),
(3, 3),
(4, 1),
(5, 1),
(6, 3),
(7, 3),
(7, 8),
(8, 3),
(9, 3),
(9, 8),
(10, 6),
(11, 3),
(11, 7),
(11, 9),
(11, 10),
(12, 7),
(13, 9),
(13, 10),
(14, 9),
(14, 10),
(15, 9),
(15, 10),
(16, 9),
(16, 10),
(17, 3),
(17, 9),
(17, 10),
(18, 9),
(18, 10),
(19, 9),
(19, 10),
(20, 1),
(21, 1),
(22, 3),
(22, 5),
(23, 11),
(24, 11),
(25, 12);

-- --------------------------------------------------------

--
-- Structure de la table `genre`
--

DROP TABLE IF EXISTS `genre`;
CREATE TABLE IF NOT EXISTS `genre` (
  `id` int(11) NOT NULL AUTO_INCREMENT,
  `name` varchar(255) COLLATE utf8mb4_unicode_ci NOT NULL,
  PRIMARY KEY (`id`)
) ENGINE=InnoDB AUTO_INCREMENT=13 DEFAULT CHARSET=utf8mb4 COLLATE=utf8mb4_unicode_ci;

--
-- Déchargement des données de la table `genre`
--

INSERT INTO `genre` (`id`, `name`) VALUES
(1, 'Stratégie'),
(2, 'Simulation'),
(3, 'FPS'),
(4, 'MMO'),
(5, 'RPG'),
(6, 'MOBA'),
(7, 'Monde ouvert'),
(8, 'Battle Royale'),
(9, 'Action'),
(10, 'Aventure'),
(11, 'Hack \'n\' Slash'),
(12, 'Cartes');

-- --------------------------------------------------------

--
-- Structure de la table `librarie`
--

DROP TABLE IF EXISTS `librarie`;
CREATE TABLE IF NOT EXISTS `librarie` (
  `id` int(11) NOT NULL AUTO_INCREMENT,
  `game_id` int(11) NOT NULL,
  `account_id` int(11) NOT NULL,
  `installed` tinyint(1) NOT NULL,
  `game_time` int(11) NOT NULL,
  `last_used` datetime DEFAULT NULL,
  PRIMARY KEY (`id`),
  KEY `IDX_676E1734E48FD905` (`game_id`),
  KEY `IDX_676E17349B6B5FBA` (`account_id`)
) ENGINE=InnoDB AUTO_INCREMENT=1501 DEFAULT CHARSET=utf8mb4 COLLATE=utf8mb4_unicode_ci;

--
-- Déchargement des données de la table `librarie`
--

INSERT INTO `librarie` (`id`, `game_id`, `account_id`, `installed`, `game_time`, `last_used`) VALUES
(1, 17, 173, 0, 322558, '2020-12-29 22:18:17'),
(2, 15, 232, 1, 447954, '2021-01-26 18:09:15'),
(3, 7, 104, 0, 168568, '2021-01-26 07:32:50'),
(4, 1, 184, 1, 266468, '2021-01-25 17:45:49'),
(5, 13, 205, 0, 313800, '2021-01-23 09:08:16'),
(6, 6, 97, 1, 492655, '2020-12-05 10:37:49'),
(7, 4, 72, 1, 456710, '2020-12-17 19:58:23'),
(8, 2, 167, 0, 360269, '2020-12-15 17:15:17'),
(9, 14, 94, 0, 121417, '2020-12-17 17:55:24'),
(10, 8, 28, 0, 426451, '2021-01-26 17:06:16'),
(11, 14, 249, 0, 200742, '2020-12-14 19:22:35'),
(12, 11, 129, 0, 413872, '2021-02-06 15:08:24'),
(13, 23, 77, 1, 9650, '2020-12-06 02:59:28'),
(14, 1, 183, 0, 377516, '2020-12-09 06:09:42'),
(15, 17, 130, 1, 455701, '2020-12-11 02:18:23'),
(16, 24, 105, 1, 374504, '2020-12-13 10:13:37'),
(17, 8, 42, 1, 26000, '2021-01-21 06:10:23'),
(18, 22, 2, 0, 479321, '2021-01-14 10:11:33'),
(19, 3, 204, 1, 225828, '2021-02-13 14:09:05'),
(20, 22, 147, 1, 219285, '2021-01-08 08:07:21'),
(21, 10, 166, 1, 182711, '2021-01-17 18:59:23'),
(22, 21, 235, 0, 420879, '2021-01-11 04:26:27'),
(23, 1, 173, 1, 428028, '2020-12-05 22:48:37'),
(24, 24, 55, 1, 336872, '2020-12-25 13:17:50'),
(25, 17, 212, 1, 169184, '2020-12-12 06:41:19'),
(26, 2, 151, 1, 36815, '2021-02-03 01:19:10'),
(27, 3, 78, 1, 203039, '2021-01-14 02:09:38'),
(28, 1, 225, 0, 175074, '2020-12-15 15:00:25'),
(29, 10, 27, 1, 427960, '2021-01-23 03:50:20'),
(30, 19, 139, 1, 290971, '2021-01-07 00:19:53'),
(31, 3, 85, 0, 216473, '2021-01-07 15:44:07'),
(32, 14, 100, 0, 10880, '2021-02-11 22:54:28'),
(33, 18, 201, 0, 114329, '2021-01-11 21:48:34'),
(34, 16, 125, 0, 229307, '2021-01-30 16:28:05'),
(35, 18, 223, 1, 17585, '2020-12-26 02:43:29'),
(36, 13, 81, 1, 411054, '2020-12-02 11:53:45'),
(37, 25, 65, 1, 99383, '2021-02-04 21:30:14'),
(38, 6, 94, 1, 446999, '2020-12-31 21:37:22'),
(39, 22, 242, 1, 71344, '2021-01-21 19:53:36'),
(40, 19, 27, 0, 410259, '2021-01-17 08:38:32'),
(41, 9, 96, 0, 27126, '2021-01-06 02:24:01'),
(42, 16, 68, 1, 461008, '2021-02-06 05:24:56'),
(43, 24, 30, 1, 170528, '2020-12-28 04:43:08'),
(44, 6, 40, 1, 12381, '2021-02-11 02:32:15'),
(45, 17, 194, 0, 217503, '2021-01-31 17:03:22'),
(46, 1, 114, 0, 218092, '2020-12-18 05:42:28'),
(47, 19, 139, 0, 462849, '2020-12-20 23:10:34'),
(48, 25, 66, 0, 249808, '2021-02-06 04:01:09'),
(49, 19, 50, 1, 160222, '2021-01-17 08:03:50'),
(50, 15, 75, 1, 280422, '2021-01-31 08:17:16'),
(51, 5, 188, 0, 76384, '2020-12-22 15:34:13'),
(52, 24, 29, 1, 36347, '2021-01-11 20:19:11'),
(53, 25, 25, 0, 198169, '2021-02-15 06:18:04'),
(54, 23, 156, 0, 209555, '2021-01-13 07:53:24'),
(55, 10, 167, 1, 19927, '2021-01-06 04:16:39'),
(56, 5, 187, 0, 122648, '2020-12-06 09:44:24'),
(57, 19, 161, 0, 165737, '2021-01-20 12:55:13'),
(58, 3, 199, 1, 103045, '2021-01-20 03:07:29'),
(59, 6, 144, 0, 203879, '2021-01-19 11:54:41'),
(60, 17, 83, 0, 106835, '2020-12-20 08:46:57'),
(61, 9, 78, 1, 429089, '2021-01-24 20:47:24'),
(62, 16, 84, 0, 343015, '2021-02-06 15:31:20'),
(63, 19, 84, 1, 481020, '2021-01-08 05:27:31'),
(64, 18, 86, 0, 245378, '2020-12-17 15:14:11'),
(65, 4, 60, 1, 122718, '2021-01-21 19:37:50'),
(66, 5, 40, 1, 328527, '2021-02-13 18:41:25'),
(67, 6, 125, 0, 455560, '2020-12-06 04:31:34'),
(68, 16, 123, 1, 106888, '2021-01-21 21:08:18'),
(69, 5, 125, 1, 303630, '2020-12-27 07:43:32'),
(70, 9, 23, 1, 262481, '2021-01-04 01:59:55'),
(71, 13, 35, 1, 401316, '2021-01-21 10:53:04'),
(72, 17, 30, 1, 411127, '2021-01-19 00:15:57'),
(73, 7, 73, 0, 286202, '2020-12-30 17:40:02'),
(74, 15, 236, 1, 429797, '2021-01-03 19:37:19'),
(75, 6, 231, 1, 472066, '2020-12-16 04:05:08'),
(76, 6, 241, 0, 226225, '2020-12-08 00:18:53'),
(77, 14, 132, 1, 123612, '2020-12-06 00:55:26'),
(78, 5, 115, 0, 370558, '2021-01-30 18:14:23'),
(79, 4, 199, 1, 231679, '2020-12-02 18:22:45'),
(80, 7, 142, 1, 352427, '2021-01-24 21:04:20'),
(81, 4, 179, 0, 397102, '2021-01-07 14:34:24'),
(82, 7, 27, 0, 104114, '2020-12-13 17:58:26'),
(83, 15, 240, 1, 370184, '2021-01-30 19:25:15'),
(84, 8, 29, 0, 450400, '2021-02-15 02:41:25'),
(85, 9, 77, 0, 38207, '2020-12-13 05:45:38'),
(86, 21, 216, 0, 210116, '2020-12-28 11:48:32'),
(87, 19, 231, 1, 304589, '2021-02-05 01:34:35'),
(88, 11, 216, 1, 409507, '2020-12-23 07:17:48'),
(89, 23, 13, 1, 119704, '2021-01-28 18:53:29'),
(90, 9, 130, 1, 57320, '2021-01-19 08:47:44'),
(91, 5, 196, 0, 215475, '2021-01-11 00:00:05'),
(92, 21, 185, 0, 61298, '2020-12-11 00:14:01'),
(93, 9, 175, 1, 493793, '2020-12-08 11:59:27'),
(94, 23, 152, 0, 404175, '2021-01-31 09:10:30'),
(95, 15, 57, 0, 119337, '2021-02-05 03:09:48'),
(96, 13, 234, 0, 71251, '2021-01-30 02:13:22'),
(97, 6, 151, 1, 224474, '2021-02-16 20:21:25'),
(98, 3, 183, 0, 21434, '2020-12-28 09:03:26'),
(99, 25, 77, 0, 181933, '2021-02-16 11:33:08'),
(100, 1, 64, 1, 486567, '2020-12-25 22:35:14'),
(101, 2, 3, 1, 383689, '2021-02-07 18:30:55'),
(102, 23, 184, 0, 387123, '2021-01-05 19:08:45'),
(103, 24, 108, 1, 218037, '2020-12-06 10:15:12'),
(104, 22, 204, 0, 374480, '2021-01-05 14:16:38'),
(105, 24, 160, 1, 80634, '2021-01-16 14:22:20'),
(106, 9, 108, 1, 215735, '2020-12-12 12:03:14'),
(107, 14, 24, 1, 421878, '2021-01-20 02:37:40'),
(108, 10, 159, 0, 55976, '2020-12-12 15:16:41'),
(109, 18, 27, 1, 212543, '2021-02-06 09:50:41'),
(110, 7, 161, 0, 279114, '2021-01-26 02:49:28'),
(111, 22, 222, 1, 138786, '2021-01-10 15:04:02'),
(112, 3, 127, 0, 130867, '2021-01-08 00:27:52'),
(113, 21, 123, 0, 351403, '2020-12-15 17:30:26'),
(114, 3, 9, 0, 14799, '2021-01-30 07:08:17'),
(115, 12, 65, 0, 489555, '2020-12-28 23:36:34'),
(116, 22, 239, 0, 314770, '2021-01-29 00:53:06'),
(117, 2, 52, 1, 326245, '2021-01-18 11:03:06'),
(118, 21, 188, 1, 847, '2020-12-12 14:02:34'),
(119, 16, 188, 1, 276288, '2021-02-04 09:53:15'),
(120, 10, 48, 0, 155134, '2021-01-28 01:59:20'),
(121, 5, 104, 0, 389968, '2020-12-30 06:03:12'),
(122, 24, 129, 0, 344774, '2021-01-05 03:07:57'),
(123, 11, 192, 0, 328059, '2021-02-07 08:07:06'),
(124, 14, 238, 1, 197290, '2020-12-10 15:32:38'),
(125, 18, 235, 0, 42524, '2020-12-16 15:21:33'),
(126, 24, 175, 0, 124973, '2020-12-31 11:53:07'),
(127, 25, 41, 1, 333242, '2020-12-08 17:05:18'),
(128, 23, 77, 1, 110895, '2020-12-30 16:22:03'),
(129, 17, 201, 0, 163299, '2020-12-28 16:14:22'),
(130, 2, 193, 0, 493851, '2021-01-05 11:04:19'),
(131, 20, 234, 0, 465359, '2021-02-04 09:22:21'),
(132, 1, 56, 1, 125320, '2020-12-19 07:03:17'),
(133, 25, 232, 0, 313401, '2021-02-12 10:06:16'),
(134, 1, 53, 0, 389637, '2021-01-27 23:53:18'),
(135, 4, 225, 0, 314872, '2021-01-26 17:05:32'),
(136, 10, 138, 0, 245449, '2021-01-16 16:35:40'),
(137, 18, 239, 1, 361799, '2021-01-18 20:24:11'),
(138, 14, 196, 0, 84598, '2021-01-19 16:26:57'),
(139, 20, 120, 0, 212326, '2020-12-27 21:36:42'),
(140, 16, 103, 1, 321110, '2020-12-19 09:05:25'),
(141, 16, 236, 0, 70900, '2021-01-30 14:17:40'),
(142, 1, 67, 1, 77229, '2020-12-20 19:47:47'),
(143, 3, 107, 0, 40439, '2020-12-23 04:43:02'),
(144, 15, 235, 0, 295044, '2021-02-12 23:31:27'),
(145, 24, 227, 0, 52107, '2020-12-24 19:14:54'),
(146, 4, 55, 0, 251871, '2020-12-25 21:45:15'),
(147, 19, 205, 1, 234151, '2020-12-22 12:53:13'),
(148, 4, 100, 0, 252331, '2020-12-31 07:51:21'),
(149, 19, 5, 0, 436231, '2020-12-02 03:41:42'),
(150, 15, 188, 0, 304056, '2020-12-02 23:54:06'),
(151, 22, 77, 0, 391143, '2020-12-31 15:00:35'),
(152, 8, 224, 1, 482582, '2021-02-03 21:11:30'),
(153, 18, 180, 0, 239115, '2020-12-31 11:33:17'),
(154, 3, 46, 1, 462207, '2021-01-16 22:48:23'),
(155, 3, 168, 1, 379618, '2020-12-29 01:16:10'),
(156, 13, 115, 1, 470034, '2021-02-06 17:01:06'),
(157, 10, 95, 0, 198483, '2021-02-11 16:47:59'),
(158, 21, 15, 0, 212444, '2020-12-03 08:28:28'),
(159, 19, 96, 1, 295058, '2020-12-21 16:58:22'),
(160, 22, 200, 1, 145702, '2020-12-01 07:43:46'),
(161, 6, 245, 1, 221734, '2020-12-11 10:21:20'),
(162, 3, 57, 0, 231053, '2020-12-14 05:19:10'),
(163, 12, 184, 1, 219418, '2020-12-29 03:50:30'),
(164, 24, 231, 0, 494434, '2021-01-11 15:23:13'),
(165, 20, 127, 0, 453890, '2020-12-16 02:29:43'),
(166, 14, 197, 0, 488244, '2020-12-10 16:42:35'),
(167, 23, 35, 1, 268481, '2021-01-19 17:13:31'),
(168, 7, 214, 1, 453024, '2020-12-16 11:03:05'),
(169, 12, 220, 1, 149830, '2020-12-29 19:54:55'),
(170, 19, 1, 0, 391654, '2021-01-07 20:11:53'),
(171, 13, 155, 0, 459140, '2021-01-08 12:58:53'),
(172, 21, 87, 0, 132634, '2020-12-20 08:15:34'),
(173, 20, 163, 0, 62071, '2021-01-24 20:34:35'),
(174, 5, 233, 1, 350891, '2021-01-17 22:22:39'),
(175, 22, 39, 1, 122450, '2021-01-13 06:31:08'),
(176, 14, 34, 0, 368475, '2020-12-22 10:59:31'),
(177, 14, 98, 1, 260033, '2021-02-06 00:49:42'),
(178, 23, 250, 1, 413251, '2021-01-12 17:59:03'),
(179, 15, 127, 0, 229511, '2021-02-09 00:27:29'),
(180, 7, 143, 1, 455278, '2020-12-31 10:34:55'),
(181, 1, 11, 0, 370492, '2020-12-17 04:03:59'),
(182, 7, 119, 1, 219159, '2020-12-17 00:36:33'),
(183, 18, 215, 0, 469284, '2021-02-02 09:25:31'),
(184, 1, 238, 0, 206668, '2021-02-03 00:03:24'),
(185, 8, 89, 1, 412383, '2021-01-12 12:39:58'),
(186, 23, 52, 0, 389521, '2020-12-09 10:22:53'),
(187, 1, 32, 1, 497070, '2021-01-04 20:57:34'),
(188, 16, 154, 1, 425411, '2020-12-02 10:42:33'),
(189, 15, 180, 1, 201662, '2021-01-19 15:04:40'),
(190, 10, 21, 1, 271863, '2021-02-01 03:28:02'),
(191, 15, 63, 1, 133525, '2021-01-19 05:23:35'),
(192, 14, 116, 1, 304207, '2020-12-02 20:09:14'),
(193, 9, 184, 0, 293287, '2021-02-17 16:33:20'),
(194, 3, 2, 1, 217935, '2021-01-17 08:48:09'),
(195, 13, 166, 0, 311420, '2020-12-08 17:21:49'),
(196, 25, 151, 1, 188157, '2021-01-24 09:13:14'),
(197, 4, 194, 1, 40278, '2021-02-13 19:56:14'),
(198, 14, 46, 0, 40368, '2020-12-03 23:59:55'),
(199, 4, 33, 1, 242666, '2021-01-08 02:02:38'),
(200, 8, 215, 1, 18333, '2020-12-08 22:05:24'),
(201, 21, 240, 0, 353878, '2021-01-01 08:11:04'),
(202, 5, 139, 0, 341594, '2020-12-29 09:09:00'),
(203, 24, 25, 1, 109498, '2020-12-11 05:33:52'),
(204, 17, 62, 1, 316629, '2020-12-13 03:39:17'),
(205, 1, 168, 1, 272916, '2021-02-01 16:32:02'),
(206, 13, 98, 0, 23927, '2021-01-14 01:46:41'),
(207, 7, 106, 1, 486311, '2021-01-31 16:10:38'),
(208, 13, 8, 1, 333344, '2020-12-04 12:39:52'),
(209, 19, 146, 1, 279552, '2020-12-29 07:24:58'),
(210, 6, 67, 0, 131660, '2020-12-13 02:47:12'),
(211, 21, 124, 0, 71537, '2021-01-03 07:01:53'),
(212, 10, 101, 1, 473673, '2021-01-12 10:15:48'),
(213, 16, 155, 1, 17119, '2021-02-09 14:56:21'),
(214, 12, 93, 0, 270732, '2021-01-26 23:02:56'),
(215, 15, 214, 1, 327569, '2020-12-16 23:34:55'),
(216, 17, 179, 0, 168847, '2021-01-30 21:27:23'),
(217, 12, 157, 0, 401931, '2021-02-01 00:12:23'),
(218, 1, 83, 1, 335841, '2020-12-03 15:02:00'),
(219, 16, 201, 1, 54112, '2021-02-12 08:15:19'),
(220, 6, 45, 1, 116366, '2020-12-07 17:26:21'),
(221, 24, 126, 0, 464350, '2021-01-04 10:03:29'),
(222, 6, 210, 0, 46863, '2021-02-10 07:30:03'),
(223, 5, 136, 0, 160744, '2020-12-20 20:36:27'),
(224, 22, 109, 1, 333411, '2021-01-31 03:05:19'),
(225, 15, 171, 1, 185165, '2021-01-10 13:38:39'),
(226, 16, 150, 0, 150269, '2020-12-31 07:56:53'),
(227, 10, 191, 0, 415119, '2020-12-12 19:07:15'),
(228, 23, 214, 1, 60818, '2021-01-28 16:29:12'),
(229, 10, 122, 1, 435156, '2021-02-17 22:17:02'),
(230, 25, 148, 0, 112894, '2021-01-30 22:17:13'),
(231, 25, 187, 1, 165862, '2021-01-08 10:06:54'),
(232, 5, 55, 1, 486164, '2021-02-12 01:16:04'),
(233, 12, 152, 0, 62795, '2021-01-19 05:05:46'),
(234, 6, 239, 0, 279484, '2021-02-05 18:33:39'),
(235, 4, 199, 0, 331933, '2021-01-17 03:12:02'),
(236, 8, 207, 1, 178472, '2021-01-29 16:39:39'),
(237, 21, 175, 0, 222033, '2020-12-24 23:54:49'),
(238, 10, 237, 0, 60813, '2021-01-14 16:02:13'),
(239, 1, 181, 1, 471783, '2021-01-07 00:30:18'),
(240, 24, 97, 0, 229603, '2020-12-11 23:49:21'),
(241, 22, 205, 1, 286230, '2020-12-11 16:40:25'),
(242, 14, 48, 1, 18647, '2021-01-05 18:15:40'),
(243, 8, 214, 1, 330418, '2021-01-12 01:09:05'),
(244, 7, 72, 0, 248924, '2020-12-06 10:21:51'),
(245, 18, 128, 1, 443094, '2020-12-06 14:26:28'),
(246, 9, 62, 0, 39346, '2021-01-02 16:31:06'),
(247, 16, 186, 1, 186456, '2020-12-02 19:54:27'),
(248, 20, 20, 0, 5542, '2021-01-24 11:23:06'),
(249, 17, 187, 0, 73392, '2021-01-04 23:20:05'),
(250, 4, 12, 0, 477158, '2020-12-03 12:33:34'),
(251, 13, 151, 1, 359085, '2021-02-17 01:06:16'),
(252, 13, 187, 1, 477323, '2020-12-08 20:34:01'),
(253, 20, 36, 0, 489363, '2021-01-31 10:36:29'),
(254, 24, 2, 1, 440931, '2021-02-01 20:13:18'),
(255, 24, 108, 0, 215523, '2021-01-18 10:53:19'),
(256, 4, 57, 0, 285135, '2021-01-19 03:56:46'),
(257, 8, 135, 1, 4006, '2021-02-16 16:31:07'),
(258, 8, 71, 0, 6156, '2020-12-27 06:21:53'),
(259, 19, 203, 0, 105783, '2021-01-12 09:03:20'),
(260, 19, 71, 0, 385254, '2021-01-27 15:41:18'),
(261, 3, 42, 0, 322018, '2021-01-10 11:15:32'),
(262, 18, 243, 0, 94295, '2021-01-20 03:19:11'),
(263, 7, 204, 0, 342628, '2021-01-22 21:13:22'),
(264, 11, 168, 0, 422149, '2020-12-04 15:13:07'),
(265, 5, 155, 1, 468126, '2020-12-01 10:29:51'),
(266, 17, 112, 1, 498917, '2020-12-14 11:58:27'),
(267, 9, 164, 0, 314152, '2021-01-16 00:29:07'),
(268, 10, 39, 1, 122985, '2021-01-07 12:18:49'),
(269, 22, 219, 0, 209962, '2021-02-11 09:28:23'),
(270, 7, 187, 1, 169880, '2021-01-19 10:11:56'),
(271, 2, 73, 1, 297914, '2021-01-18 04:52:46'),
(272, 22, 90, 1, 427825, '2021-01-10 17:35:19'),
(273, 9, 43, 1, 242575, '2021-01-16 16:04:48'),
(274, 20, 62, 1, 211888, '2020-12-20 11:51:51'),
(275, 22, 149, 1, 287917, '2020-12-26 03:00:10'),
(276, 16, 37, 0, 345127, '2021-01-28 11:06:51'),
(277, 24, 90, 0, 274784, '2020-12-23 17:34:55'),
(278, 6, 194, 0, 362509, '2020-12-30 15:33:20'),
(279, 21, 203, 1, 402623, '2021-02-04 03:02:35'),
(280, 15, 207, 1, 206070, '2021-02-06 06:23:38'),
(281, 15, 81, 1, 169500, '2021-02-06 14:21:47'),
(282, 2, 211, 0, 498053, '2021-02-11 21:32:00'),
(283, 19, 108, 1, 311893, '2021-02-01 11:48:11'),
(284, 17, 196, 0, 407226, '2020-12-22 22:41:17'),
(285, 8, 26, 1, 67006, '2020-12-07 10:47:06'),
(286, 15, 90, 0, 126260, '2021-01-03 11:18:23'),
(287, 22, 209, 0, 204313, '2021-01-26 05:00:27'),
(288, 24, 70, 1, 393401, '2021-02-09 08:46:04'),
(289, 5, 105, 1, 383209, '2021-02-11 00:01:12'),
(290, 6, 43, 0, 404521, '2021-01-01 03:34:02'),
(291, 14, 103, 0, 193512, '2021-01-15 06:50:09'),
(292, 16, 157, 1, 372992, '2021-01-06 13:48:30'),
(293, 22, 182, 0, 164508, '2020-12-09 20:21:27'),
(294, 6, 140, 0, 330628, '2021-01-10 20:31:01'),
(295, 16, 186, 0, 96099, '2020-12-03 06:28:10'),
(296, 21, 120, 0, 415814, '2021-01-07 10:18:26'),
(297, 23, 193, 1, 133037, '2020-12-05 00:41:23'),
(298, 8, 208, 1, 430509, '2020-12-03 18:46:54'),
(299, 25, 171, 0, 146327, '2020-12-17 09:47:00'),
(300, 14, 5, 0, 14973, '2020-12-30 22:39:00'),
(301, 3, 91, 1, 234689, '2021-02-06 01:59:54'),
(302, 15, 173, 0, 380166, '2021-01-05 09:59:57'),
(303, 18, 97, 1, 385976, '2021-01-28 09:39:33'),
(304, 21, 250, 1, 315805, '2021-02-14 23:29:30'),
(305, 17, 111, 1, 196035, '2021-01-07 22:16:14'),
(306, 23, 127, 1, 186698, '2021-01-11 23:50:08'),
(307, 24, 156, 0, 131371, '2021-01-19 14:40:38'),
(308, 10, 218, 1, 246428, '2020-12-26 10:32:53'),
(309, 19, 233, 0, 810, '2020-12-14 02:23:45'),
(310, 13, 28, 1, 472918, '2021-02-14 16:30:45'),
(311, 22, 208, 0, 210004, '2021-01-27 07:59:56'),
(312, 1, 215, 0, 469127, '2021-01-02 02:09:20'),
(313, 23, 124, 0, 476176, '2021-01-25 10:28:23'),
(314, 18, 246, 1, 472840, '2020-12-02 00:41:16'),
(315, 23, 179, 0, 372407, '2021-01-22 05:54:08'),
(316, 3, 27, 0, 157025, '2021-01-26 14:46:14'),
(317, 23, 147, 0, 353372, '2020-12-24 13:29:54'),
(318, 2, 151, 0, 295454, '2020-12-16 08:54:03'),
(319, 7, 7, 0, 98137, '2020-12-06 13:24:24'),
(320, 5, 148, 0, 333041, '2021-01-04 13:17:34'),
(321, 14, 37, 1, 108380, '2021-01-09 19:38:13'),
(322, 6, 239, 0, 224389, '2021-02-03 07:05:08'),
(323, 3, 210, 0, 383161, '2020-12-22 12:23:52'),
(324, 24, 165, 0, 381168, '2020-12-11 20:11:35'),
(325, 9, 86, 1, 318556, '2021-02-15 13:29:19'),
(326, 2, 130, 0, 291527, '2020-12-09 00:49:50'),
(327, 11, 90, 0, 274071, '2021-02-01 11:48:03'),
(328, 15, 145, 1, 78795, '2021-01-05 01:03:45'),
(329, 20, 139, 0, 323118, '2021-02-01 10:11:55'),
(330, 13, 160, 1, 80277, '2021-01-10 14:47:05'),
(331, 9, 71, 1, 241295, '2021-01-19 21:19:51'),
(332, 16, 132, 0, 148001, '2020-12-08 23:21:05'),
(333, 11, 27, 0, 242464, '2021-02-04 14:54:24'),
(334, 7, 173, 1, 247130, '2021-01-24 09:15:57'),
(335, 8, 23, 1, 345378, '2020-12-05 13:06:58'),
(336, 17, 19, 0, 39759, '2020-12-03 05:01:21'),
(337, 7, 25, 1, 101553, '2021-01-14 13:47:42'),
(338, 18, 134, 0, 452855, '2020-12-17 09:41:29'),
(339, 22, 73, 1, 46341, '2020-12-20 04:07:16'),
(340, 20, 76, 0, 247678, '2021-01-20 11:45:09'),
(341, 5, 126, 0, 60417, '2021-01-04 08:20:21'),
(342, 21, 53, 1, 31489, '2020-12-22 21:45:51'),
(343, 21, 20, 1, 10145, '2021-01-23 06:24:54'),
(344, 21, 154, 1, 125068, '2021-01-31 23:28:53'),
(345, 22, 235, 1, 405957, '2021-01-20 20:58:52'),
(346, 20, 171, 0, 62172, '2020-12-07 04:42:05'),
(347, 7, 124, 1, 73226, '2021-01-03 21:49:48'),
(348, 3, 109, 0, 256937, '2020-12-24 15:39:01'),
(349, 18, 135, 0, 334439, '2021-02-05 18:14:52'),
(350, 18, 146, 0, 319878, '2020-12-23 17:40:59'),
(351, 18, 1, 0, 350505, '2021-02-06 21:40:42'),
(352, 6, 29, 1, 234653, '2021-01-07 15:53:21'),
(353, 11, 152, 1, 276958, '2021-01-09 03:26:14'),
(354, 19, 25, 0, 38858, '2020-12-18 08:39:46'),
(355, 2, 15, 0, 426279, '2020-12-13 18:39:54'),
(356, 1, 33, 0, 397388, '2020-12-29 09:09:31'),
(357, 10, 119, 0, 3381, '2020-12-13 06:21:28'),
(358, 3, 54, 1, 37908, '2021-02-06 16:10:41'),
(359, 13, 216, 1, 468200, '2021-02-05 20:04:17'),
(360, 3, 236, 0, 283771, '2020-12-25 18:22:12'),
(361, 19, 217, 1, 480223, '2020-12-14 14:16:31'),
(362, 16, 103, 0, 201605, '2021-01-12 05:02:49'),
(363, 3, 198, 0, 382184, '2021-01-27 00:31:10'),
(364, 25, 4, 0, 98058, '2021-01-03 12:51:50'),
(365, 13, 134, 0, 132732, '2021-02-05 04:08:46'),
(366, 8, 79, 0, 337236, '2021-01-04 19:56:26'),
(367, 18, 15, 1, 292777, '2020-12-22 15:15:59'),
(368, 23, 210, 1, 384927, '2021-01-14 23:15:47'),
(369, 1, 7, 1, 113585, '2021-02-05 08:52:53'),
(370, 25, 35, 0, 30695, '2021-01-26 06:57:24'),
(371, 12, 78, 1, 124850, '2021-01-21 07:35:19'),
(372, 13, 21, 1, 408776, '2021-01-13 05:34:56'),
(373, 7, 131, 1, 490799, '2021-01-11 07:32:26'),
(374, 11, 111, 0, 199546, '2020-12-18 02:03:28'),
(375, 20, 159, 0, 110020, '2020-12-15 12:38:49'),
(376, 6, 114, 1, 395763, '2020-12-08 16:09:23'),
(377, 1, 158, 0, 27160, '2020-12-26 05:38:39'),
(378, 11, 6, 1, 222564, '2021-02-16 23:56:14'),
(379, 10, 222, 0, 174097, '2021-01-11 22:42:54'),
(380, 7, 231, 1, 430112, '2020-12-23 01:27:05'),
(381, 6, 10, 0, 103461, '2021-02-14 13:39:30'),
(382, 20, 206, 0, 177009, '2021-01-17 17:57:31'),
(383, 24, 187, 1, 394727, '2020-12-20 13:56:46'),
(384, 2, 119, 0, 381028, '2021-01-27 15:53:51'),
(385, 10, 176, 0, 120352, '2021-01-03 01:26:06'),
(386, 19, 92, 1, 285809, '2021-01-20 12:21:27'),
(387, 4, 5, 1, 194635, '2021-01-26 09:53:31'),
(388, 22, 149, 0, 325531, '2020-12-23 14:24:04'),
(389, 20, 101, 1, 415039, '2020-12-11 15:14:37'),
(390, 9, 135, 1, 185219, '2021-01-03 03:28:12'),
(391, 14, 72, 1, 21254, '2021-02-10 13:06:53'),
(392, 13, 28, 0, 192886, '2021-01-10 01:22:48'),
(393, 9, 100, 1, 385288, '2021-02-16 12:36:39'),
(394, 21, 211, 1, 88010, '2021-01-07 21:44:36'),
(395, 19, 198, 0, 70484, '2021-01-19 05:32:14'),
(396, 5, 8, 1, 223594, '2021-01-09 14:34:08'),
(397, 3, 80, 0, 380050, '2021-01-16 11:17:38'),
(398, 1, 149, 1, 47446, '2021-01-29 14:01:00'),
(399, 16, 27, 0, 483429, '2020-12-24 07:04:33'),
(400, 10, 89, 0, 226669, '2020-12-11 09:42:38'),
(401, 12, 114, 0, 96669, '2021-02-04 01:50:46'),
(402, 5, 249, 0, 270553, '2020-12-12 02:42:29'),
(403, 8, 128, 0, 352772, '2021-02-14 00:12:13'),
(404, 20, 208, 1, 146047, '2021-02-15 00:46:49'),
(405, 10, 80, 0, 110298, '2021-02-04 21:53:53'),
(406, 23, 52, 1, 255324, '2021-01-28 20:06:04'),
(407, 15, 192, 0, 359927, '2021-02-15 19:04:54'),
(408, 13, 123, 0, 110528, '2020-12-20 20:08:59'),
(409, 14, 12, 0, 277385, '2020-12-26 16:36:22'),
(410, 9, 235, 1, 110122, '2021-01-18 23:55:58'),
(411, 16, 232, 0, 232742, '2021-01-09 06:00:27'),
(412, 9, 139, 0, 2109, '2021-02-06 06:22:17'),
(413, 12, 200, 0, 51751, '2021-01-28 01:26:36'),
(414, 25, 31, 0, 392550, '2021-01-10 19:18:16'),
(415, 8, 160, 1, 107495, '2021-02-04 06:39:26'),
(416, 10, 29, 0, 169671, '2021-01-14 02:31:25'),
(417, 9, 171, 1, 366821, '2020-12-01 06:48:14'),
(418, 25, 67, 0, 131625, '2021-02-13 05:13:44'),
(419, 1, 54, 0, 411277, '2020-12-30 07:16:19'),
(420, 13, 92, 1, 234359, '2021-01-26 17:13:47'),
(421, 16, 37, 1, 263497, '2021-02-14 03:21:56'),
(422, 13, 196, 1, 16314, '2020-12-29 20:04:43'),
(423, 16, 150, 1, 205414, '2021-01-12 00:14:41'),
(424, 23, 195, 0, 372911, '2021-01-15 17:52:28'),
(425, 3, 3, 0, 35006, '2021-01-11 01:48:47'),
(426, 23, 102, 1, 43155, '2020-12-14 00:20:56'),
(427, 25, 41, 1, 294709, '2021-01-19 15:47:44'),
(428, 24, 205, 1, 55032, '2021-02-03 21:43:02'),
(429, 25, 203, 1, 379164, '2021-02-06 07:44:04'),
(430, 21, 73, 0, 130946, '2021-01-23 01:11:48'),
(431, 5, 240, 1, 494654, '2021-01-14 02:33:16'),
(432, 20, 150, 0, 76238, '2021-01-08 06:53:43'),
(433, 25, 229, 1, 60192, '2021-01-26 16:37:00'),
(434, 1, 147, 1, 484458, '2020-12-24 14:44:47'),
(435, 16, 40, 0, 166123, '2021-01-19 15:42:31'),
(436, 4, 148, 0, 207233, '2021-02-14 03:39:11'),
(437, 11, 205, 1, 19884, '2020-12-28 10:41:18'),
(438, 9, 173, 1, 114234, '2021-02-05 23:38:06'),
(439, 10, 25, 1, 402840, '2021-01-25 12:00:06'),
(440, 17, 168, 0, 424469, '2021-01-11 14:25:22'),
(441, 2, 173, 1, 201444, '2021-02-16 20:03:54'),
(442, 25, 198, 1, 115425, '2021-01-26 19:45:02'),
(443, 17, 137, 0, 146755, '2021-01-03 18:51:18'),
(444, 13, 100, 1, 312936, '2020-12-14 21:28:32'),
(445, 4, 12, 0, 154375, '2020-12-21 08:30:19'),
(446, 1, 228, 1, 20310, '2021-02-01 08:18:04'),
(447, 15, 250, 0, 455981, '2021-01-25 18:57:20'),
(448, 8, 71, 0, 62541, '2020-12-07 22:10:43'),
(449, 2, 12, 0, 98954, '2021-01-23 16:54:38'),
(450, 9, 86, 0, 409014, '2020-12-25 17:28:41'),
(451, 19, 46, 1, 179000, '2020-12-20 11:15:33'),
(452, 7, 246, 0, 375999, '2021-01-27 15:04:34'),
(453, 5, 195, 1, 91677, '2020-12-03 11:01:28'),
(454, 24, 91, 0, 274716, '2021-01-05 23:24:19'),
(455, 3, 194, 0, 358044, '2020-12-04 06:46:32'),
(456, 15, 9, 0, 480782, '2021-01-16 06:03:51'),
(457, 13, 235, 0, 162050, '2021-02-02 07:15:47'),
(458, 15, 53, 0, 279032, '2021-01-28 23:29:57'),
(459, 17, 85, 0, 57898, '2020-12-20 23:42:20'),
(460, 21, 93, 1, 328639, '2020-12-20 00:18:49'),
(461, 18, 18, 1, 217567, '2020-12-26 18:44:19'),
(462, 18, 249, 1, 313073, '2021-02-09 05:31:04'),
(463, 25, 49, 1, 436958, '2021-02-01 12:11:36'),
(464, 21, 113, 0, 372002, '2021-01-31 12:02:40'),
(465, 12, 178, 0, 339005, '2021-02-01 06:51:39'),
(466, 6, 234, 1, 106607, '2021-01-30 19:18:43'),
(467, 13, 187, 0, 456775, '2020-12-30 07:48:57'),
(468, 5, 37, 1, 399195, '2020-12-25 02:12:15'),
(469, 4, 62, 1, 465784, '2020-12-14 04:22:17'),
(470, 7, 140, 0, 101608, '2020-12-18 01:51:14'),
(471, 13, 123, 1, 114572, '2021-01-28 09:56:32'),
(472, 7, 107, 1, 384964, '2021-01-23 05:57:11'),
(473, 16, 195, 0, 381299, '2020-12-23 11:30:29'),
(474, 7, 131, 0, 359402, '2021-01-01 20:11:31'),
(475, 7, 85, 1, 427118, '2021-02-01 02:16:16'),
(476, 9, 25, 1, 18166, '2021-01-03 22:48:01'),
(477, 8, 146, 0, 465452, '2020-12-13 07:12:26'),
(478, 24, 227, 0, 401539, '2021-01-26 00:36:31'),
(479, 11, 54, 1, 178919, '2020-12-23 09:18:51'),
(480, 3, 194, 1, 138894, '2021-01-23 14:56:45'),
(481, 11, 13, 1, 97020, '2021-02-02 19:12:10'),
(482, 15, 142, 1, 334420, '2020-12-21 12:44:45'),
(483, 20, 121, 0, 473004, '2020-12-11 00:56:32'),
(484, 13, 96, 1, 49952, '2020-12-04 19:48:40'),
(485, 22, 167, 1, 256562, '2021-01-04 11:55:54'),
(486, 14, 77, 1, 107236, '2021-01-13 22:03:18'),
(487, 14, 229, 0, 218165, '2021-02-12 17:22:47'),
(488, 11, 215, 0, 6670, '2020-12-12 20:37:50'),
(489, 4, 250, 0, 447843, '2021-01-27 08:07:54'),
(490, 11, 157, 1, 301966, '2021-01-09 01:42:44'),
(491, 9, 148, 0, 146943, '2021-01-22 06:58:01'),
(492, 5, 127, 0, 81074, '2021-02-04 22:56:19'),
(493, 13, 126, 1, 324276, '2020-12-14 10:47:32'),
(494, 13, 197, 1, 222364, '2021-01-29 06:40:07'),
(495, 13, 217, 1, 99990, '2020-12-26 20:38:21'),
(496, 11, 232, 0, 229276, '2020-12-21 17:54:17'),
(497, 8, 45, 0, 288066, '2020-12-26 19:50:59'),
(498, 1, 38, 0, 321495, '2020-12-22 13:30:44'),
(499, 9, 130, 1, 219348, '2021-01-25 02:05:34'),
(500, 18, 182, 0, 40482, '2020-12-30 14:01:10'),
(501, 23, 58, 0, 384878, '2021-01-13 17:46:46'),
(502, 6, 236, 0, 320826, '2021-02-12 01:22:00'),
(503, 22, 133, 1, 430498, '2021-02-02 23:52:27'),
(504, 22, 137, 1, 97762, '2021-02-16 01:43:36'),
(505, 4, 10, 1, 176241, '2020-12-20 19:06:58'),
(506, 8, 73, 1, 498534, '2020-12-20 16:50:26'),
(507, 4, 137, 0, 495134, '2021-01-15 18:03:20'),
(508, 21, 181, 1, 461618, '2021-02-14 17:20:14'),
(509, 6, 142, 0, 289986, '2021-01-07 13:43:30'),
(510, 25, 65, 1, 261600, '2020-12-15 21:49:53'),
(511, 20, 189, 0, 317094, '2020-12-09 03:34:16'),
(512, 9, 16, 0, 82418, '2020-12-04 20:57:43'),
(513, 3, 27, 0, 304534, '2021-02-06 23:12:11'),
(514, 5, 8, 0, 173075, '2021-02-03 23:10:59'),
(515, 2, 215, 0, 189030, '2021-01-27 22:44:39'),
(516, 24, 76, 1, 340389, '2020-12-17 13:36:00'),
(517, 14, 20, 1, 236628, '2021-01-07 11:58:29'),
(518, 12, 201, 1, 351013, '2020-12-15 07:48:38'),
(519, 8, 127, 1, 4553, '2020-12-05 21:30:05'),
(520, 5, 39, 1, 268123, '2021-01-18 22:11:43'),
(521, 24, 144, 0, 470797, '2020-12-07 09:53:44'),
(522, 4, 237, 0, 72865, '2020-12-11 23:40:30'),
(523, 1, 197, 1, 49435, '2021-01-13 20:52:01'),
(524, 9, 204, 1, 462958, '2021-01-10 19:11:16'),
(525, 17, 155, 1, 189266, '2021-01-06 13:35:05'),
(526, 15, 163, 0, 134608, '2020-12-09 09:43:32'),
(527, 12, 85, 0, 175360, '2021-02-08 13:06:17'),
(528, 24, 196, 1, 279728, '2021-01-23 23:50:58'),
(529, 21, 92, 0, 486920, '2020-12-06 21:40:13'),
(530, 7, 241, 0, 102210, '2020-12-18 00:24:45'),
(531, 23, 12, 0, 144979, '2021-01-23 09:05:55'),
(532, 9, 247, 1, 461988, '2020-12-21 00:29:09'),
(533, 12, 26, 0, 179189, '2021-02-05 13:35:30'),
(534, 12, 8, 1, 375489, '2020-12-14 23:18:00'),
(535, 18, 222, 0, 481151, '2020-12-16 13:51:14'),
(536, 2, 140, 0, 236266, '2020-12-25 03:19:32'),
(537, 8, 45, 1, 33519, '2021-01-28 05:24:12'),
(538, 24, 125, 0, 465554, '2021-01-22 22:15:51'),
(539, 22, 76, 1, 319797, '2021-01-08 03:41:55'),
(540, 17, 90, 0, 424428, '2021-01-02 12:45:00'),
(541, 9, 213, 0, 221540, '2020-12-15 07:59:01'),
(542, 4, 160, 1, 147615, '2021-01-05 08:49:19'),
(543, 8, 65, 0, 44785, '2021-01-08 09:45:27'),
(544, 9, 56, 1, 86795, '2021-01-28 11:38:59'),
(545, 2, 120, 1, 309022, '2021-02-14 05:50:22'),
(546, 1, 215, 1, 285583, '2021-01-12 16:01:34'),
(547, 6, 229, 0, 254603, '2020-12-05 05:34:14'),
(548, 14, 181, 1, 77561, '2021-01-30 07:40:22'),
(549, 11, 185, 0, 396631, '2021-01-21 07:35:28'),
(550, 5, 187, 1, 323368, '2020-12-31 11:39:00'),
(551, 2, 83, 0, 379756, '2020-12-21 07:28:29'),
(552, 6, 224, 0, 280297, '2020-12-28 17:05:22'),
(553, 21, 124, 0, 260216, '2020-12-25 16:37:32'),
(554, 22, 49, 1, 175844, '2020-12-08 10:44:58'),
(555, 15, 62, 1, 72016, '2021-01-10 16:09:16'),
(556, 22, 144, 0, 36406, '2021-01-28 15:43:31'),
(557, 8, 44, 0, 402243, '2021-02-02 00:48:45'),
(558, 13, 109, 0, 288782, '2020-12-14 10:40:35'),
(559, 12, 29, 0, 173542, '2021-01-26 09:34:44'),
(560, 2, 167, 1, 207458, '2021-01-02 01:56:15'),
(561, 16, 48, 0, 180545, '2020-12-21 13:53:47'),
(562, 1, 183, 0, 437283, '2021-02-05 01:08:24'),
(563, 18, 160, 1, 188008, '2020-12-01 23:58:09'),
(564, 23, 44, 1, 472690, '2021-01-30 18:18:41'),
(565, 22, 216, 1, 475013, '2021-01-04 03:29:47'),
(566, 11, 15, 0, 10815, '2020-12-18 19:36:41'),
(567, 2, 248, 1, 492294, '2021-01-12 20:01:31'),
(568, 19, 31, 1, 254702, '2020-12-12 02:23:40'),
(569, 3, 46, 1, 188219, '2021-01-11 21:33:26'),
(570, 8, 32, 0, 113944, '2021-01-20 04:57:43'),
(571, 13, 59, 1, 399573, '2020-12-30 10:30:29'),
(572, 6, 21, 0, 153419, '2021-01-08 19:36:54'),
(573, 23, 13, 0, 425666, '2021-01-31 06:41:19'),
(574, 11, 36, 0, 254936, '2020-12-16 10:46:53'),
(575, 16, 147, 1, 363633, '2020-12-21 03:20:45'),
(576, 13, 14, 1, 137396, '2020-12-17 03:49:02'),
(577, 24, 84, 1, 405330, '2021-02-13 11:55:18'),
(578, 25, 144, 0, 82416, '2021-01-12 11:21:58'),
(579, 7, 101, 0, 471820, '2020-12-17 15:33:33'),
(580, 22, 33, 1, 439548, '2020-12-27 07:11:42'),
(581, 17, 75, 1, 459458, '2021-01-30 01:57:50'),
(582, 4, 101, 1, 274497, '2021-02-13 11:16:29'),
(583, 3, 187, 0, 482175, '2021-01-18 02:07:27'),
(584, 14, 176, 1, 382022, '2021-01-05 02:54:15'),
(585, 6, 199, 1, 204622, '2020-12-07 10:17:18'),
(586, 6, 190, 0, 412969, '2021-01-06 13:10:04'),
(587, 20, 5, 0, 68311, '2020-12-15 03:53:19'),
(588, 19, 223, 1, 475709, '2020-12-18 18:24:47'),
(589, 9, 190, 1, 305000, '2021-01-11 09:18:05'),
(590, 23, 31, 1, 400840, '2021-01-26 12:42:14'),
(591, 9, 80, 1, 484067, '2021-02-01 17:25:17'),
(592, 25, 216, 0, 290106, '2020-12-07 20:59:40'),
(593, 4, 202, 1, 217729, '2020-12-01 08:45:09'),
(594, 18, 234, 0, 139949, '2020-12-06 05:55:59'),
(595, 8, 185, 1, 354227, '2021-01-10 12:28:40'),
(596, 23, 25, 0, 86953, '2021-01-27 14:26:02'),
(597, 9, 12, 1, 28607, '2021-01-22 19:09:37'),
(598, 18, 16, 0, 264112, '2021-01-29 13:53:38'),
(599, 10, 5, 1, 499134, '2020-12-11 09:29:47'),
(600, 3, 152, 1, 143694, '2020-12-13 17:11:07'),
(601, 7, 13, 1, 273176, '2020-12-30 11:28:14'),
(602, 3, 110, 1, 236061, '2021-01-02 01:29:21'),
(603, 21, 226, 1, 304629, '2020-12-21 22:32:59'),
(604, 13, 202, 1, 9299, '2020-12-08 03:10:48'),
(605, 22, 53, 0, 249030, '2021-02-02 21:37:05'),
(606, 11, 90, 0, 85456, '2020-12-19 08:45:20'),
(607, 6, 178, 1, 192277, '2020-12-20 08:52:08'),
(608, 18, 96, 0, 103459, '2020-12-26 07:41:52'),
(609, 24, 20, 1, 15361, '2020-12-29 18:58:06'),
(610, 23, 95, 1, 324952, '2020-12-07 12:55:17'),
(611, 9, 240, 1, 266574, '2020-12-20 16:13:06'),
(612, 16, 103, 0, 452619, '2020-12-26 14:17:14'),
(613, 14, 225, 1, 406734, '2020-12-09 22:53:58'),
(614, 8, 52, 0, 321214, '2020-12-26 13:52:44'),
(615, 13, 130, 0, 300484, '2020-12-31 19:03:02'),
(616, 15, 169, 0, 304447, '2021-01-08 11:57:33'),
(617, 18, 112, 0, 170288, '2020-12-15 05:38:17'),
(618, 16, 159, 1, 280820, '2020-12-10 13:42:19'),
(619, 9, 250, 1, 498657, '2021-02-17 02:28:23'),
(620, 11, 36, 1, 97237, '2021-01-23 00:54:25'),
(621, 17, 224, 1, 246898, '2021-02-06 01:14:48'),
(622, 3, 97, 0, 198755, '2021-02-06 11:43:57'),
(623, 7, 85, 0, 40451, '2021-01-21 14:34:48'),
(624, 22, 38, 1, 25561, '2020-12-02 10:16:49'),
(625, 17, 75, 1, 45675, '2020-12-01 08:53:16'),
(626, 1, 90, 1, 56154, '2021-01-16 19:28:02'),
(627, 23, 23, 0, 77691, '2020-12-01 23:34:22'),
(628, 6, 85, 0, 439933, '2021-02-16 01:27:17'),
(629, 4, 70, 0, 27242, '2020-12-09 06:35:28'),
(630, 2, 14, 1, 73394, '2021-02-02 03:26:50'),
(631, 21, 168, 1, 173481, '2021-02-10 01:04:50'),
(632, 12, 214, 0, 299984, '2021-01-13 18:02:03'),
(633, 4, 179, 1, 221887, '2021-02-01 11:49:17'),
(634, 1, 80, 0, 278100, '2020-12-13 23:36:06'),
(635, 6, 202, 1, 492380, '2020-12-16 02:56:21'),
(636, 4, 234, 0, 413763, '2021-02-11 14:29:13'),
(637, 18, 169, 0, 390911, '2020-12-26 05:23:03'),
(638, 18, 212, 0, 472290, '2020-12-09 04:39:28'),
(639, 6, 166, 0, 92538, '2020-12-03 23:05:19'),
(640, 20, 3, 0, 431540, '2020-12-20 16:09:00'),
(641, 13, 77, 0, 417037, '2021-02-02 02:49:00'),
(642, 2, 242, 1, 144144, '2021-01-24 00:43:56'),
(643, 10, 154, 0, 318585, '2021-02-13 06:47:27'),
(644, 19, 106, 0, 374174, '2021-02-09 17:34:18'),
(645, 13, 104, 0, 34656, '2021-01-27 04:54:59'),
(646, 20, 132, 1, 172337, '2021-01-14 04:49:45'),
(647, 1, 173, 0, 207790, '2020-12-16 17:12:13'),
(648, 21, 232, 0, 199477, '2021-01-08 23:24:13'),
(649, 9, 147, 1, 348054, '2021-01-31 07:48:47'),
(650, 19, 12, 1, 51382, '2020-12-08 09:35:38'),
(651, 24, 192, 0, 299777, '2020-12-07 16:15:38'),
(652, 4, 12, 1, 369226, '2021-01-14 13:05:08'),
(653, 12, 108, 1, 238281, '2021-01-24 16:34:20'),
(654, 18, 136, 1, 91787, '2021-02-05 19:56:18'),
(655, 2, 103, 0, 180150, '2021-01-03 01:49:07'),
(656, 8, 34, 0, 159124, '2020-12-03 06:03:27'),
(657, 19, 74, 0, 272053, '2020-12-08 14:43:45'),
(658, 20, 187, 0, 463440, '2020-12-29 10:27:59'),
(659, 20, 12, 0, 127266, '2020-12-01 00:17:45'),
(660, 11, 103, 0, 451109, '2021-02-15 08:10:32'),
(661, 11, 42, 1, 114630, '2021-02-03 11:30:24'),
(662, 5, 26, 1, 330813, '2021-02-06 01:40:28'),
(663, 13, 55, 1, 359195, '2020-12-05 06:19:38'),
(664, 23, 225, 0, 87599, '2020-12-24 17:39:25'),
(665, 16, 36, 0, 293096, '2021-01-22 15:35:58'),
(666, 24, 67, 1, 310226, '2021-02-14 06:18:37'),
(667, 15, 34, 1, 82593, '2021-01-28 02:47:09'),
(668, 7, 74, 0, 328143, '2021-01-18 04:48:11'),
(669, 2, 156, 0, 295627, '2021-01-25 09:05:45'),
(670, 23, 58, 0, 239744, '2021-01-17 21:23:14'),
(671, 25, 109, 0, 249233, '2021-01-06 03:24:27'),
(672, 20, 161, 1, 263534, '2020-12-11 08:45:24'),
(673, 9, 134, 1, 158823, '2021-02-02 09:50:18'),
(674, 16, 93, 0, 122347, '2021-02-03 19:42:59'),
(675, 1, 55, 1, 498000, '2020-12-16 16:01:23'),
(676, 2, 238, 0, 46794, '2020-12-22 15:43:54'),
(677, 4, 218, 0, 405845, '2020-12-17 19:57:39'),
(678, 20, 125, 0, 401280, '2020-12-26 03:53:34'),
(679, 18, 248, 1, 207618, '2020-12-23 02:33:16'),
(680, 24, 128, 0, 95254, '2021-02-04 13:22:39'),
(681, 19, 82, 0, 467731, '2020-12-06 19:27:32'),
(682, 18, 225, 1, 289816, '2021-02-12 13:45:44'),
(683, 10, 183, 0, 337831, '2021-02-04 16:21:11'),
(684, 8, 213, 0, 82146, '2021-02-06 00:36:33'),
(685, 19, 197, 1, 336161, '2021-02-06 02:54:47'),
(686, 3, 37, 1, 479048, '2020-12-29 15:40:18'),
(687, 21, 54, 0, 138064, '2021-01-09 03:47:32'),
(688, 24, 222, 0, 385012, '2021-02-09 00:47:38'),
(689, 11, 111, 0, 427736, '2021-02-17 07:37:11'),
(690, 5, 109, 0, 474558, '2021-02-02 15:22:53'),
(691, 2, 186, 0, 123540, '2021-01-17 19:54:25'),
(692, 3, 151, 1, 55419, '2020-12-24 08:23:49'),
(693, 21, 216, 0, 416600, '2020-12-26 10:36:34'),
(694, 22, 187, 1, 291027, '2021-02-08 06:12:39'),
(695, 16, 60, 0, 81693, '2021-01-01 10:16:04'),
(696, 23, 22, 1, 408783, '2021-02-01 10:58:13'),
(697, 8, 75, 1, 355747, '2021-02-16 13:38:39'),
(698, 12, 221, 1, 22367, '2020-12-13 02:34:29'),
(699, 3, 44, 0, 464062, '2020-12-08 11:31:58'),
(700, 9, 89, 1, 468986, '2020-12-06 19:38:09'),
(701, 23, 144, 0, 54398, '2021-02-17 16:38:37'),
(702, 11, 104, 0, 43323, '2021-02-06 13:54:39'),
(703, 2, 18, 1, 359645, '2021-01-10 01:07:06'),
(704, 1, 126, 0, 416031, '2021-01-17 17:26:12'),
(705, 12, 155, 1, 203200, '2020-12-11 08:19:13'),
(706, 18, 13, 0, 406773, '2020-12-02 19:38:59'),
(707, 12, 173, 1, 437629, '2021-01-10 08:07:42'),
(708, 10, 146, 1, 356594, '2021-01-08 02:59:11'),
(709, 5, 181, 0, 53745, '2021-02-15 03:59:03'),
(710, 19, 52, 0, 157007, '2020-12-15 16:02:44'),
(711, 7, 179, 0, 394336, '2021-02-05 12:04:35'),
(712, 25, 238, 1, 393683, '2021-01-23 22:28:46'),
(713, 22, 112, 0, 439116, '2020-12-02 15:46:29'),
(714, 24, 32, 0, 306148, '2020-12-16 20:50:15'),
(715, 16, 142, 1, 226595, '2021-02-08 21:16:27'),
(716, 23, 70, 1, 23964, '2021-02-17 03:25:33'),
(717, 25, 135, 0, 150060, '2020-12-13 13:12:26'),
(718, 4, 156, 1, 430670, '2020-12-22 04:19:28'),
(719, 16, 88, 1, 319748, '2020-12-22 03:32:33'),
(720, 7, 49, 0, 59582, '2021-01-01 01:56:27'),
(721, 3, 32, 1, 414330, '2021-01-21 13:57:58'),
(722, 17, 124, 1, 55304, '2021-02-06 07:32:34'),
(723, 18, 216, 0, 455208, '2021-01-28 19:21:05'),
(724, 11, 207, 0, 282404, '2020-12-01 15:15:30'),
(725, 6, 239, 0, 284319, '2020-12-21 14:18:17'),
(726, 12, 250, 0, 356276, '2020-12-21 00:39:55'),
(727, 17, 247, 0, 437823, '2021-01-18 06:24:50'),
(728, 21, 19, 1, 179169, '2021-01-13 18:26:27'),
(729, 14, 194, 1, 131361, '2021-02-16 06:51:53'),
(730, 9, 229, 0, 474591, '2021-01-25 12:16:10'),
(731, 21, 119, 0, 221250, '2020-12-18 02:23:20'),
(732, 11, 228, 1, 294630, '2020-12-15 04:10:09'),
(733, 25, 33, 0, 91134, '2021-01-24 00:48:29'),
(734, 18, 22, 0, 209039, '2020-12-24 21:39:46'),
(735, 12, 218, 1, 290655, '2021-01-06 00:20:43'),
(736, 25, 66, 0, 270968, '2021-01-10 02:49:38'),
(737, 16, 107, 0, 426108, '2020-12-03 02:05:04'),
(738, 7, 133, 0, 103753, '2021-01-13 07:38:00'),
(739, 8, 69, 1, 300892, '2021-02-13 18:32:11'),
(740, 23, 133, 0, 149059, '2021-02-08 01:30:44'),
(741, 5, 224, 0, 429793, '2020-12-27 06:43:43'),
(742, 5, 248, 1, 246731, '2021-02-08 05:06:02'),
(743, 21, 35, 1, 35543, '2021-01-29 12:02:10'),
(744, 20, 22, 0, 471789, '2020-12-10 15:54:07'),
(745, 5, 54, 0, 179803, '2020-12-15 05:30:30'),
(746, 25, 214, 0, 46248, '2021-01-03 00:05:35'),
(747, 8, 136, 0, 315372, '2021-01-26 20:51:13'),
(748, 6, 80, 0, 455254, '2021-01-28 10:47:29'),
(749, 2, 149, 0, 439132, '2021-01-10 08:42:52'),
(750, 1, 13, 1, 261593, '2020-12-20 01:33:31'),
(751, 4, 18, 0, 175796, '2021-01-28 22:45:47'),
(752, 23, 190, 0, 119221, '2020-12-09 08:10:17'),
(753, 21, 171, 1, 7018, '2020-12-15 17:18:20'),
(754, 15, 55, 0, 212839, '2020-12-29 00:50:05'),
(755, 19, 56, 1, 336068, '2021-02-16 21:29:19'),
(756, 22, 121, 0, 219865, '2020-12-20 01:54:34'),
(757, 20, 55, 0, 58983, '2021-02-10 18:18:39'),
(758, 10, 217, 1, 327506, '2020-12-14 21:12:32'),
(759, 2, 85, 1, 109906, '2021-01-24 09:53:59'),
(760, 7, 208, 1, 247675, '2021-01-28 00:38:27'),
(761, 4, 175, 0, 365745, '2020-12-09 22:42:19'),
(762, 17, 40, 0, 167751, '2021-02-01 02:45:48'),
(763, 19, 113, 1, 64059, '2020-12-31 01:33:16'),
(764, 17, 157, 1, 405457, '2021-01-30 04:30:05'),
(765, 18, 212, 0, 284712, '2021-01-25 00:58:19'),
(766, 8, 61, 1, 248720, '2021-01-12 11:33:00'),
(767, 19, 153, 1, 87154, '2021-01-01 06:09:16'),
(768, 8, 215, 0, 353100, '2020-12-16 14:25:27'),
(769, 9, 162, 0, 161471, '2021-01-18 16:45:41'),
(770, 1, 216, 1, 432348, '2021-02-11 05:23:30'),
(771, 13, 159, 0, 94029, '2021-01-17 16:04:35'),
(772, 13, 34, 0, 336794, '2021-01-12 08:43:12'),
(773, 16, 128, 1, 255582, '2021-02-01 08:53:34'),
(774, 23, 174, 1, 103001, '2021-01-01 00:00:24'),
(775, 8, 53, 0, 297040, '2021-02-16 08:06:22'),
(776, 9, 35, 0, 162192, '2021-02-05 18:37:32'),
(777, 23, 153, 1, 425490, '2020-12-19 08:31:12'),
(778, 18, 48, 1, 62806, '2021-02-14 09:38:50'),
(779, 2, 128, 0, 392277, '2020-12-24 06:55:29'),
(780, 13, 16, 0, 356961, '2021-01-06 04:52:17'),
(781, 10, 66, 0, 137459, '2021-01-05 03:04:54'),
(782, 16, 156, 0, 416407, '2021-01-02 23:56:08'),
(783, 10, 146, 1, 195383, '2021-01-15 19:55:09'),
(784, 7, 177, 0, 176548, '2020-12-10 14:52:54'),
(785, 9, 27, 1, 269482, '2021-01-05 00:31:39'),
(786, 5, 18, 0, 222889, '2020-12-10 20:35:04'),
(787, 13, 104, 1, 461307, '2021-02-10 20:55:08'),
(788, 13, 21, 0, 442916, '2021-02-17 15:41:59'),
(789, 2, 119, 0, 288967, '2021-01-09 12:54:14'),
(790, 13, 230, 0, 352885, '2021-01-30 06:12:56'),
(791, 9, 54, 1, 195765, '2020-12-04 16:56:39'),
(792, 15, 189, 1, 12955, '2020-12-22 15:03:08'),
(793, 23, 12, 1, 366393, '2021-02-05 12:04:13'),
(794, 20, 192, 1, 272922, '2021-01-03 17:56:06'),
(795, 1, 116, 0, 341783, '2021-01-25 20:36:55'),
(796, 8, 233, 1, 22672, '2021-02-07 22:06:40'),
(797, 2, 245, 0, 382820, '2021-01-08 19:01:44'),
(798, 1, 170, 0, 168590, '2021-02-16 16:30:18'),
(799, 24, 79, 0, 312143, '2021-01-06 01:50:58'),
(800, 13, 128, 0, 218546, '2021-02-11 23:39:50'),
(801, 6, 108, 1, 233215, '2021-02-13 06:44:25'),
(802, 4, 115, 0, 311396, '2021-01-31 14:48:52'),
(803, 24, 229, 0, 251833, '2021-01-19 09:08:41'),
(804, 8, 112, 1, 123829, '2020-12-28 23:34:39'),
(805, 11, 247, 0, 385014, '2021-01-04 20:22:02'),
(806, 21, 228, 1, 40528, '2020-12-13 02:41:09'),
(807, 5, 199, 0, 257388, '2021-02-16 03:06:47'),
(808, 13, 70, 0, 155084, '2021-01-15 07:13:03'),
(809, 22, 50, 1, 254453, '2020-12-30 11:30:54'),
(810, 25, 178, 1, 303929, '2020-12-27 21:02:06'),
(811, 15, 133, 0, 192729, '2021-02-09 03:54:19'),
(812, 19, 67, 1, 185249, '2021-01-25 02:34:19'),
(813, 3, 218, 0, 416147, '2021-01-21 02:14:18'),
(814, 24, 47, 0, 467192, '2021-02-10 08:25:50'),
(815, 18, 88, 0, 142293, '2020-12-02 11:04:17'),
(816, 16, 137, 1, 163267, '2020-12-15 10:05:00'),
(817, 22, 217, 0, 484331, '2021-01-19 21:45:18'),
(818, 11, 124, 0, 277547, '2020-12-01 09:08:39'),
(819, 18, 166, 1, 125956, '2021-01-11 04:06:38'),
(820, 10, 80, 0, 384184, '2020-12-05 11:30:59'),
(821, 23, 143, 0, 445979, '2021-01-18 19:14:56'),
(822, 17, 62, 0, 275767, '2021-02-05 00:52:47'),
(823, 9, 165, 1, 71164, '2021-02-08 14:25:16'),
(824, 10, 213, 1, 6418, '2021-02-05 15:51:34'),
(825, 16, 234, 0, 457136, '2020-12-17 05:06:20'),
(826, 18, 5, 1, 52073, '2020-12-04 03:46:58'),
(827, 15, 98, 0, 432332, '2021-01-03 21:49:38'),
(828, 3, 141, 1, 247340, '2021-01-31 17:25:32'),
(829, 19, 234, 1, 55959, '2021-01-02 22:15:18'),
(830, 25, 165, 0, 271049, '2021-01-30 13:35:40'),
(831, 16, 19, 0, 300783, '2021-01-16 12:16:24'),
(832, 5, 199, 1, 396145, '2021-02-14 11:32:18'),
(833, 24, 173, 1, 460825, '2021-01-02 20:42:36'),
(834, 8, 94, 1, 166060, '2021-02-13 21:57:05'),
(835, 2, 207, 0, 308817, '2021-01-02 08:18:04'),
(836, 18, 105, 1, 335142, '2020-12-24 22:09:32'),
(837, 15, 231, 0, 486742, '2020-12-03 22:55:47'),
(838, 1, 52, 1, 412515, '2020-12-04 17:10:21'),
(839, 16, 68, 0, 444115, '2021-01-29 20:59:29'),
(840, 9, 233, 1, 446176, '2021-02-02 04:24:01'),
(841, 4, 186, 0, 353010, '2020-12-07 22:32:42'),
(842, 25, 189, 1, 86066, '2020-12-12 21:32:01'),
(843, 18, 22, 0, 464119, '2021-02-15 03:11:06'),
(844, 21, 244, 1, 376949, '2021-01-06 05:17:46'),
(845, 25, 83, 1, 2661, '2021-02-09 22:26:20'),
(846, 4, 106, 1, 351323, '2020-12-26 04:11:53'),
(847, 14, 232, 0, 178975, '2021-01-31 03:36:20'),
(848, 21, 132, 1, 215883, '2020-12-02 03:14:42'),
(849, 7, 15, 1, 251360, '2020-12-06 01:23:51'),
(850, 7, 97, 1, 186906, '2021-01-12 06:13:07'),
(851, 19, 163, 1, 429780, '2021-01-24 06:52:17'),
(852, 1, 145, 0, 431364, '2021-02-13 08:53:26'),
(853, 19, 15, 0, 44714, '2020-12-29 14:51:22'),
(854, 5, 203, 1, 94096, '2021-01-02 23:46:29'),
(855, 9, 155, 0, 30351, '2020-12-05 15:00:55'),
(856, 13, 44, 1, 317299, '2021-01-22 22:30:38'),
(857, 1, 221, 1, 456287, '2020-12-27 02:06:27'),
(858, 16, 143, 0, 428468, '2020-12-14 21:11:43'),
(859, 5, 30, 0, 359427, '2020-12-28 22:35:30'),
(860, 1, 234, 1, 49493, '2020-12-23 07:47:17'),
(861, 24, 23, 0, 479682, '2021-02-02 17:03:10'),
(862, 16, 99, 1, 51942, '2020-12-10 04:03:40'),
(863, 10, 190, 1, 309377, '2021-02-01 08:09:21'),
(864, 15, 15, 1, 252689, '2020-12-10 07:24:56'),
(865, 2, 9, 1, 228939, '2020-12-25 12:14:27'),
(866, 17, 58, 0, 268734, '2020-12-27 09:34:45'),
(867, 15, 29, 0, 447973, '2021-02-16 06:23:17'),
(868, 10, 25, 0, 279323, '2021-02-08 21:42:42'),
(869, 14, 127, 0, 74231, '2021-01-16 15:30:00'),
(870, 19, 16, 1, 101167, '2021-01-16 19:43:21'),
(871, 5, 208, 0, 141001, '2020-12-26 16:39:36'),
(872, 25, 38, 1, 136252, '2020-12-26 14:38:36'),
(873, 15, 109, 0, 252131, '2021-02-12 15:50:55'),
(874, 15, 201, 1, 8950, '2021-01-03 07:57:01'),
(875, 2, 80, 0, 327628, '2020-12-12 09:03:22'),
(876, 5, 168, 0, 434837, '2021-01-09 15:41:00'),
(877, 20, 128, 1, 491853, '2021-01-01 05:42:41'),
(878, 1, 176, 1, 330016, '2021-01-31 18:02:27'),
(879, 15, 137, 0, 428829, '2020-12-27 17:38:51'),
(880, 8, 233, 1, 404537, '2021-01-06 15:30:22'),
(881, 11, 211, 0, 277227, '2020-12-18 02:59:36'),
(882, 13, 14, 0, 335725, '2020-12-23 23:18:47'),
(883, 11, 70, 1, 265310, '2020-12-27 02:06:47'),
(884, 24, 33, 1, 102097, '2020-12-08 04:38:22'),
(885, 20, 191, 0, 114227, '2020-12-15 22:46:57'),
(886, 17, 49, 0, 230627, '2021-01-12 18:35:20'),
(887, 19, 62, 1, 420696, '2021-01-28 13:47:58'),
(888, 20, 93, 1, 90623, '2021-01-31 07:28:14'),
(889, 10, 175, 0, 168218, '2020-12-08 01:20:19'),
(890, 23, 103, 0, 188748, '2021-01-15 05:43:37'),
(891, 18, 14, 0, 375148, '2021-02-03 15:50:38'),
(892, 14, 81, 1, 435590, '2021-02-15 03:14:48'),
(893, 7, 115, 0, 35666, '2021-01-31 03:39:49'),
(894, 17, 155, 0, 131439, '2020-12-12 05:38:06'),
(895, 3, 177, 1, 362782, '2020-12-13 06:51:14'),
(896, 4, 225, 0, 57083, '2021-02-11 13:18:03'),
(897, 21, 238, 0, 367919, '2021-02-16 21:54:21'),
(898, 4, 110, 0, 141613, '2020-12-11 05:03:06'),
(899, 20, 177, 0, 434820, '2021-01-11 12:25:59'),
(900, 4, 212, 0, 395335, '2020-12-09 21:01:42'),
(901, 21, 192, 0, 168797, '2021-01-29 23:40:32'),
(902, 10, 179, 0, 170531, '2020-12-24 18:05:23'),
(903, 17, 186, 1, 366823, '2020-12-14 23:41:08'),
(904, 5, 218, 0, 203418, '2021-01-19 04:09:24'),
(905, 7, 79, 1, 275932, '2021-01-27 14:49:29'),
(906, 7, 61, 1, 450011, '2021-01-18 17:31:01'),
(907, 2, 34, 0, 26995, '2020-12-08 12:23:30'),
(908, 22, 243, 0, 311994, '2021-02-03 11:28:00'),
(909, 22, 81, 0, 250284, '2021-02-06 13:47:22'),
(910, 15, 106, 1, 157123, '2021-01-28 01:11:44'),
(911, 18, 222, 1, 120621, '2020-12-15 03:33:15'),
(912, 8, 225, 0, 50415, '2020-12-01 12:22:35'),
(913, 3, 133, 1, 210258, '2020-12-17 09:33:04'),
(914, 17, 64, 0, 458903, '2021-02-14 18:03:36'),
(915, 14, 96, 0, 376903, '2021-01-08 02:27:15'),
(916, 10, 242, 1, 155197, '2020-12-28 16:36:19'),
(917, 5, 240, 1, 456943, '2021-01-17 07:04:46'),
(918, 15, 65, 1, 343974, '2020-12-03 09:54:44'),
(919, 22, 174, 1, 28776, '2021-02-16 15:22:04'),
(920, 15, 100, 1, 259184, '2021-02-12 03:14:58'),
(921, 20, 137, 1, 386263, '2021-01-09 17:15:51'),
(922, 20, 124, 0, 5813, '2021-01-26 18:01:22'),
(923, 18, 84, 1, 262885, '2020-12-19 16:57:33'),
(924, 13, 217, 0, 59034, '2020-12-26 07:18:43'),
(925, 24, 194, 0, 166057, '2021-02-17 03:51:31'),
(926, 12, 171, 0, 423997, '2021-01-18 05:14:19'),
(927, 23, 178, 0, 73338, '2021-02-07 20:19:15'),
(928, 21, 146, 0, 392288, '2021-01-12 13:31:19'),
(929, 4, 105, 0, 420168, '2021-01-09 19:34:29'),
(930, 13, 153, 0, 151797, '2021-01-07 19:10:41'),
(931, 19, 188, 0, 61215, '2021-01-10 22:09:32'),
(932, 10, 81, 1, 410842, '2021-01-13 15:21:55'),
(933, 15, 55, 0, 496922, '2021-02-14 11:08:14'),
(934, 4, 146, 1, 46930, '2021-02-08 06:27:55'),
(935, 3, 49, 0, 25490, '2020-12-16 21:16:21'),
(936, 4, 87, 0, 210564, '2020-12-19 06:26:05'),
(937, 21, 177, 0, 488049, '2021-01-20 02:27:03'),
(938, 23, 108, 0, 129594, '2020-12-12 11:32:12'),
(939, 15, 127, 1, 96827, '2020-12-09 00:25:32'),
(940, 19, 129, 0, 13679, '2020-12-15 21:35:40'),
(941, 14, 15, 1, 202570, '2021-01-02 01:20:11'),
(942, 12, 184, 1, 471322, '2021-01-17 01:22:37'),
(943, 11, 114, 0, 104691, '2021-02-02 02:25:09'),
(944, 11, 187, 0, 345719, '2021-01-02 15:48:51'),
(945, 10, 102, 0, 25856, '2021-01-18 07:27:02'),
(946, 3, 97, 0, 245839, '2021-02-05 05:41:52'),
(947, 9, 164, 1, 21416, '2021-02-15 19:03:35'),
(948, 21, 109, 0, 303255, '2021-01-13 05:06:50'),
(949, 9, 91, 0, 213479, '2021-01-08 07:43:55'),
(950, 1, 41, 0, 139464, '2021-01-09 16:00:28'),
(951, 19, 22, 0, 314828, '2020-12-13 09:04:56'),
(952, 15, 248, 0, 183960, '2020-12-22 08:55:20'),
(953, 17, 161, 1, 152937, '2021-01-21 10:11:39'),
(954, 15, 28, 0, 448599, '2021-01-05 07:20:22'),
(955, 17, 42, 0, 43030, '2020-12-29 16:29:35'),
(956, 6, 152, 1, 180576, '2020-12-14 19:02:17'),
(957, 12, 167, 1, 349906, '2021-01-08 12:52:41'),
(958, 7, 4, 1, 400730, '2020-12-03 15:27:55'),
(959, 14, 78, 1, 181595, '2021-02-03 19:56:41'),
(960, 5, 100, 1, 123988, '2020-12-20 17:40:43'),
(961, 1, 19, 0, 382983, '2020-12-16 10:58:24'),
(962, 21, 14, 1, 200662, '2021-01-01 17:42:48'),
(963, 21, 238, 0, 34897, '2020-12-06 16:29:07'),
(964, 3, 121, 0, 127906, '2021-02-14 15:53:24'),
(965, 14, 164, 0, 194048, '2021-02-17 18:47:45'),
(966, 23, 49, 1, 444070, '2020-12-04 18:39:38'),
(967, 18, 241, 1, 36554, '2021-01-06 06:45:55'),
(968, 17, 208, 0, 114345, '2021-01-25 15:18:19'),
(969, 24, 163, 1, 202075, '2020-12-09 12:35:24'),
(970, 7, 66, 0, 122866, '2021-01-02 02:01:25'),
(971, 13, 15, 0, 118387, '2021-01-11 00:25:55'),
(972, 8, 87, 1, 480878, '2021-02-15 00:54:38'),
(973, 14, 56, 1, 289478, '2021-01-05 21:09:29'),
(974, 7, 131, 1, 221924, '2021-01-05 21:43:18'),
(975, 15, 32, 1, 229676, '2020-12-22 19:00:23'),
(976, 2, 172, 1, 47907, '2021-01-01 06:27:28'),
(977, 21, 61, 1, 153826, '2021-02-17 11:06:58'),
(978, 10, 131, 0, 29684, '2021-02-07 23:34:50'),
(979, 8, 45, 0, 113816, '2020-12-19 20:48:10'),
(980, 1, 36, 0, 319310, '2020-12-29 13:10:58'),
(981, 20, 139, 1, 422187, '2021-01-20 09:48:10'),
(982, 2, 122, 1, 292770, '2021-01-09 21:13:30'),
(983, 20, 82, 1, 186256, '2021-02-13 14:51:45'),
(984, 2, 154, 0, 146320, '2020-12-12 02:45:28'),
(985, 21, 20, 1, 396163, '2021-01-19 05:39:16'),
(986, 17, 196, 0, 208472, '2020-12-18 10:01:50'),
(987, 20, 247, 1, 163310, '2020-12-13 07:04:32'),
(988, 8, 182, 0, 404276, '2020-12-03 16:09:23'),
(989, 8, 175, 1, 207289, '2020-12-14 11:48:43'),
(990, 7, 203, 1, 95723, '2021-01-11 20:58:35'),
(991, 8, 31, 1, 251847, '2021-01-22 05:30:26'),
(992, 12, 30, 0, 459418, '2020-12-01 13:37:51'),
(993, 18, 92, 1, 240393, '2021-02-13 14:16:47'),
(994, 11, 59, 1, 67044, '2020-12-07 18:44:11'),
(995, 18, 50, 1, 482992, '2021-01-02 16:34:19'),
(996, 25, 212, 1, 256433, '2021-01-07 21:52:12'),
(997, 13, 84, 1, 223344, '2020-12-07 14:43:41'),
(998, 15, 13, 0, 5538, '2020-12-22 14:27:46'),
(999, 19, 136, 1, 8750, '2020-12-02 20:02:51'),
(1000, 18, 132, 0, 353895, '2021-01-21 14:58:08'),
(1001, 20, 204, 0, 63558, '2021-01-13 14:11:30'),
(1002, 6, 150, 0, 349549, '2021-01-15 21:47:14'),
(1003, 6, 167, 1, 287696, '2020-12-28 02:54:14'),
(1004, 23, 115, 0, 38923, '2021-01-19 04:32:08'),
(1005, 5, 158, 0, 427357, '2021-01-28 09:13:44'),
(1006, 16, 163, 1, 48324, '2021-01-02 03:56:51'),
(1007, 6, 239, 0, 250747, '2021-01-29 18:02:45'),
(1008, 13, 16, 1, 444602, '2020-12-05 13:50:08'),
(1009, 14, 97, 1, 250909, '2021-01-03 08:38:40'),
(1010, 21, 122, 1, 360158, '2021-01-15 22:05:14'),
(1011, 6, 49, 1, 328506, '2021-01-18 00:48:20'),
(1012, 22, 113, 1, 23815, '2020-12-30 10:51:24'),
(1013, 20, 33, 1, 414801, '2020-12-24 17:00:24'),
(1014, 8, 173, 1, 41934, '2021-01-13 07:24:06'),
(1015, 6, 134, 0, 103913, '2020-12-13 01:52:45'),
(1016, 5, 131, 0, 329138, '2021-01-17 07:41:17'),
(1017, 25, 3, 0, 161242, '2021-01-02 18:20:52'),
(1018, 20, 87, 1, 189055, '2021-01-24 01:06:45'),
(1019, 3, 19, 0, 179851, '2021-01-29 09:53:16'),
(1020, 9, 164, 0, 160371, '2021-01-05 00:38:52'),
(1021, 1, 219, 1, 78070, '2021-01-15 12:39:41'),
(1022, 23, 214, 1, 395579, '2021-01-06 15:33:44'),
(1023, 14, 249, 1, 17061, '2021-02-04 16:17:18'),
(1024, 3, 145, 0, 136426, '2020-12-09 11:55:10'),
(1025, 19, 233, 0, 96456, '2020-12-29 03:41:39'),
(1026, 21, 187, 0, 400746, '2020-12-10 10:01:51'),
(1027, 11, 247, 1, 112166, '2021-02-17 01:57:28'),
(1028, 24, 122, 0, 333777, '2021-01-04 02:03:16'),
(1029, 17, 10, 1, 122838, '2021-01-15 13:49:46'),
(1030, 3, 69, 0, 271809, '2021-01-07 08:24:28'),
(1031, 21, 3, 0, 210583, '2021-02-07 14:43:38'),
(1032, 17, 64, 1, 334642, '2020-12-13 11:02:38'),
(1033, 8, 171, 0, 7822, '2021-01-30 21:47:01'),
(1034, 5, 249, 1, 466452, '2021-02-05 08:32:38'),
(1035, 22, 197, 0, 324423, '2020-12-18 09:17:47'),
(1036, 12, 125, 1, 132494, '2021-02-01 05:52:19'),
(1037, 12, 230, 0, 316907, '2021-02-07 01:26:18'),
(1038, 4, 193, 1, 289608, '2020-12-28 15:09:24'),
(1039, 23, 203, 1, 50519, '2021-02-05 02:34:50'),
(1040, 7, 195, 1, 402859, '2021-01-09 14:38:48'),
(1041, 9, 185, 1, 201657, '2020-12-11 21:30:42'),
(1042, 6, 222, 1, 73200, '2020-12-08 12:22:15'),
(1043, 1, 183, 0, 364396, '2020-12-19 16:33:06'),
(1044, 22, 111, 0, 42607, '2021-02-14 17:02:56'),
(1045, 1, 178, 0, 328901, '2021-01-04 07:46:12'),
(1046, 25, 51, 0, 220605, '2020-12-17 07:41:29'),
(1047, 6, 60, 1, 471104, '2021-01-27 06:03:50'),
(1048, 23, 18, 1, 267990, '2020-12-18 07:13:01'),
(1049, 2, 9, 1, 464528, '2021-02-17 11:46:05'),
(1050, 20, 120, 1, 401580, '2021-02-14 05:03:42'),
(1051, 3, 130, 0, 299075, '2021-02-12 12:00:59'),
(1052, 14, 29, 1, 140752, '2020-12-11 05:12:40'),
(1053, 10, 5, 1, 111617, '2021-01-07 01:24:27'),
(1054, 1, 234, 1, 202816, '2021-01-30 10:10:12'),
(1055, 22, 127, 0, 364457, '2020-12-07 22:21:21'),
(1056, 3, 91, 1, 413109, '2021-01-09 17:59:56'),
(1057, 18, 92, 1, 416067, '2021-01-08 16:08:09'),
(1058, 18, 8, 0, 360282, '2021-01-23 14:26:59'),
(1059, 11, 117, 0, 460577, '2020-12-26 17:42:26'),
(1060, 4, 240, 0, 103182, '2021-01-28 17:27:31'),
(1061, 6, 150, 1, 302038, '2020-12-14 15:17:37'),
(1062, 8, 58, 0, 115911, '2021-01-05 12:03:17');
INSERT INTO `librarie` (`id`, `game_id`, `account_id`, `installed`, `game_time`, `last_used`) VALUES
(1063, 25, 134, 1, 146701, '2020-12-03 00:36:22'),
(1064, 19, 168, 0, 22309, '2020-12-30 16:17:26'),
(1065, 7, 50, 0, 430512, '2021-01-24 10:26:16'),
(1066, 4, 181, 0, 475017, '2020-12-11 07:27:06'),
(1067, 7, 174, 1, 269501, '2021-01-30 05:02:43'),
(1068, 20, 166, 1, 14617, '2020-12-16 22:45:09'),
(1069, 1, 239, 1, 70462, '2020-12-17 10:44:45'),
(1070, 8, 79, 0, 30151, '2020-12-19 06:25:20'),
(1071, 6, 20, 0, 329399, '2021-01-18 10:00:48'),
(1072, 5, 152, 0, 300864, '2021-01-12 13:03:39'),
(1073, 24, 144, 0, 219601, '2020-12-22 00:45:54'),
(1074, 2, 51, 1, 256838, '2020-12-02 03:43:27'),
(1075, 2, 156, 1, 98965, '2021-01-10 13:00:54'),
(1076, 11, 49, 1, 156369, '2021-02-12 14:22:16'),
(1077, 10, 245, 0, 329082, '2021-01-12 02:23:56'),
(1078, 7, 207, 0, 324997, '2020-12-01 03:32:11'),
(1079, 20, 43, 1, 300188, '2021-01-05 03:20:02'),
(1080, 7, 16, 0, 233823, '2021-01-28 17:03:29'),
(1081, 14, 107, 0, 209786, '2021-01-30 19:09:59'),
(1082, 6, 235, 0, 328110, '2020-12-06 22:32:09'),
(1083, 6, 187, 0, 97543, '2020-12-13 06:05:00'),
(1084, 6, 55, 0, 367148, '2021-01-04 22:44:01'),
(1085, 17, 209, 1, 290962, '2020-12-06 10:27:06'),
(1086, 23, 131, 1, 207776, '2021-02-06 08:07:15'),
(1087, 5, 141, 0, 398735, '2021-02-10 04:35:57'),
(1088, 15, 94, 1, 120279, '2021-02-07 08:59:08'),
(1089, 23, 177, 1, 354331, '2021-01-27 11:06:06'),
(1090, 16, 164, 0, 369578, '2021-01-09 01:20:40'),
(1091, 10, 231, 0, 458563, '2021-02-14 13:22:07'),
(1092, 4, 232, 1, 187099, '2021-01-11 04:47:40'),
(1093, 21, 130, 0, 90312, '2021-02-02 20:29:38'),
(1094, 17, 160, 1, 151866, '2021-02-10 10:03:53'),
(1095, 12, 168, 1, 107056, '2020-12-23 06:11:52'),
(1096, 4, 153, 0, 346432, '2020-12-04 04:43:41'),
(1097, 23, 228, 0, 66847, '2021-01-13 13:29:12'),
(1098, 14, 215, 0, 442035, '2021-01-24 21:33:06'),
(1099, 1, 213, 1, 64109, '2021-02-07 17:18:58'),
(1100, 3, 242, 0, 245585, '2021-02-04 11:02:27'),
(1101, 5, 244, 0, 144866, '2021-02-07 00:44:37'),
(1102, 18, 42, 0, 457235, '2020-12-29 22:53:58'),
(1103, 15, 187, 1, 489772, '2021-02-14 14:50:39'),
(1104, 16, 83, 1, 56461, '2020-12-28 20:04:05'),
(1105, 21, 7, 0, 338537, '2021-01-16 17:32:06'),
(1106, 20, 179, 0, 485429, '2021-01-15 02:57:07'),
(1107, 3, 232, 1, 359932, '2021-01-08 11:22:24'),
(1108, 16, 108, 1, 331915, '2020-12-05 11:03:47'),
(1109, 20, 71, 0, 155103, '2021-02-09 04:37:11'),
(1110, 13, 22, 0, 66059, '2020-12-03 23:40:55'),
(1111, 21, 138, 0, 61137, '2021-01-07 03:14:27'),
(1112, 25, 6, 0, 18288, '2021-02-06 01:49:39'),
(1113, 10, 75, 1, 368213, '2021-02-10 23:46:52'),
(1114, 23, 19, 0, 98056, '2021-01-30 16:55:18'),
(1115, 4, 144, 0, 235437, '2021-01-27 05:55:14'),
(1116, 23, 236, 0, 283204, '2020-12-08 00:21:20'),
(1117, 22, 198, 0, 393464, '2020-12-07 16:15:46'),
(1118, 17, 59, 1, 327326, '2021-02-14 20:12:46'),
(1119, 22, 189, 0, 19858, '2021-01-11 05:32:38'),
(1120, 4, 89, 1, 283764, '2021-02-08 08:26:10'),
(1121, 25, 16, 1, 477149, '2020-12-08 12:07:58'),
(1122, 12, 61, 0, 240214, '2020-12-27 20:58:16'),
(1123, 3, 79, 0, 243222, '2020-12-26 02:37:36'),
(1124, 10, 236, 1, 305189, '2020-12-20 11:14:19'),
(1125, 12, 92, 0, 223432, '2021-01-26 22:59:51'),
(1126, 16, 145, 1, 313280, '2021-01-16 03:13:48'),
(1127, 2, 12, 1, 254902, '2021-02-02 14:53:13'),
(1128, 15, 175, 1, 115275, '2020-12-03 12:47:48'),
(1129, 17, 85, 1, 363725, '2020-12-15 16:39:50'),
(1130, 10, 34, 1, 132104, '2021-01-21 09:18:08'),
(1131, 6, 70, 1, 84508, '2020-12-01 10:24:00'),
(1132, 2, 250, 1, 497404, '2020-12-23 19:13:57'),
(1133, 5, 3, 0, 373030, '2021-01-03 07:51:38'),
(1134, 8, 201, 0, 226430, '2021-01-31 05:28:42'),
(1135, 17, 156, 0, 403672, '2021-01-19 10:17:27'),
(1136, 18, 62, 1, 370251, '2021-01-30 10:27:06'),
(1137, 12, 159, 1, 350722, '2021-01-07 10:25:10'),
(1138, 4, 57, 1, 346665, '2020-12-26 19:31:20'),
(1139, 17, 29, 0, 146889, '2021-02-09 03:03:59'),
(1140, 25, 80, 1, 392774, '2021-01-05 18:21:02'),
(1141, 4, 2, 0, 87775, '2021-01-21 07:30:31'),
(1142, 2, 153, 1, 119340, '2020-12-30 06:37:58'),
(1143, 23, 84, 1, 183929, '2021-01-28 21:49:09'),
(1144, 11, 77, 1, 247449, '2021-02-02 13:21:16'),
(1145, 3, 79, 1, 423026, '2021-02-06 14:41:08'),
(1146, 4, 199, 0, 196247, '2021-01-23 00:43:49'),
(1147, 5, 107, 1, 344113, '2020-12-25 02:53:42'),
(1148, 6, 37, 0, 140925, '2021-01-15 09:43:53'),
(1149, 2, 91, 0, 158743, '2021-02-05 22:57:00'),
(1150, 18, 95, 1, 497747, '2021-01-25 14:49:38'),
(1151, 17, 14, 1, 32340, '2020-12-12 04:58:47'),
(1152, 24, 117, 1, 327457, '2020-12-18 23:54:50'),
(1153, 15, 59, 0, 26342, '2021-02-04 03:30:15'),
(1154, 11, 219, 1, 300091, '2020-12-16 07:17:45'),
(1155, 19, 175, 0, 373074, '2020-12-15 00:49:47'),
(1156, 2, 130, 0, 346094, '2020-12-29 08:07:05'),
(1157, 5, 6, 0, 148434, '2020-12-21 12:15:42'),
(1158, 4, 120, 0, 379356, '2020-12-05 09:40:33'),
(1159, 6, 19, 0, 333735, '2021-02-12 08:53:34'),
(1160, 18, 191, 1, 152516, '2021-01-31 19:56:26'),
(1161, 11, 245, 0, 288983, '2020-12-16 15:49:39'),
(1162, 5, 176, 1, 20458, '2020-12-09 06:36:47'),
(1163, 12, 211, 0, 488065, '2021-01-25 08:28:38'),
(1164, 7, 96, 0, 319376, '2021-01-23 22:33:14'),
(1165, 9, 105, 0, 435181, '2021-01-01 15:43:27'),
(1166, 9, 154, 1, 198818, '2021-02-02 02:03:55'),
(1167, 25, 50, 0, 302098, '2021-01-05 11:31:52'),
(1168, 12, 28, 1, 280681, '2021-01-26 18:17:39'),
(1169, 9, 61, 0, 134801, '2020-12-27 04:14:14'),
(1170, 16, 63, 1, 480038, '2020-12-31 20:42:24'),
(1171, 2, 92, 1, 278481, '2020-12-22 15:02:31'),
(1172, 12, 228, 0, 40403, '2020-12-07 12:44:23'),
(1173, 22, 229, 1, 359040, '2021-02-09 07:18:52'),
(1174, 14, 173, 0, 409621, '2020-12-11 09:36:12'),
(1175, 15, 130, 1, 287411, '2020-12-04 09:06:35'),
(1176, 8, 225, 0, 221483, '2020-12-14 05:32:28'),
(1177, 4, 104, 0, 219891, '2020-12-14 07:17:50'),
(1178, 19, 204, 0, 54128, '2020-12-06 23:54:16'),
(1179, 12, 54, 1, 229984, '2021-02-11 00:17:45'),
(1180, 10, 10, 0, 274787, '2021-01-17 09:01:45'),
(1181, 8, 227, 1, 167832, '2020-12-09 22:35:26'),
(1182, 8, 105, 0, 270675, '2020-12-15 20:27:48'),
(1183, 25, 205, 1, 201137, '2021-02-12 01:35:09'),
(1184, 1, 110, 1, 13405, '2021-01-14 07:18:56'),
(1185, 20, 99, 0, 357884, '2021-02-03 19:47:42'),
(1186, 10, 176, 1, 323360, '2021-01-31 09:27:26'),
(1187, 23, 221, 0, 115790, '2020-12-24 12:34:56'),
(1188, 5, 39, 1, 397790, '2021-01-20 07:22:44'),
(1189, 16, 129, 1, 252779, '2021-02-07 20:53:25'),
(1190, 17, 242, 0, 478313, '2020-12-22 09:08:01'),
(1191, 1, 35, 1, 203617, '2021-01-06 05:58:28'),
(1192, 4, 36, 1, 129595, '2020-12-27 10:07:08'),
(1193, 8, 17, 0, 96372, '2021-02-08 05:11:01'),
(1194, 25, 109, 0, 375181, '2021-01-23 15:15:37'),
(1195, 9, 53, 0, 303937, '2021-01-11 01:54:43'),
(1196, 25, 190, 1, 6266, '2020-12-11 22:22:42'),
(1197, 25, 120, 0, 190821, '2021-01-12 03:57:38'),
(1198, 21, 35, 0, 269769, '2020-12-25 13:23:01'),
(1199, 22, 156, 0, 247985, '2021-01-10 20:00:08'),
(1200, 20, 158, 1, 263852, '2021-02-12 17:48:32'),
(1201, 23, 187, 0, 126234, '2020-12-16 10:35:51'),
(1202, 23, 4, 0, 193466, '2021-02-09 04:16:38'),
(1203, 17, 207, 1, 482498, '2020-12-21 01:49:32'),
(1204, 12, 58, 0, 478307, '2021-01-28 00:19:28'),
(1205, 16, 86, 0, 167820, '2020-12-01 11:24:25'),
(1206, 20, 51, 0, 393889, '2021-01-23 07:29:18'),
(1207, 2, 99, 1, 73994, '2021-02-11 01:17:21'),
(1208, 7, 85, 0, 239968, '2020-12-08 07:55:22'),
(1209, 3, 30, 1, 474752, '2020-12-13 06:46:38'),
(1210, 12, 218, 1, 380250, '2020-12-23 01:43:36'),
(1211, 7, 183, 0, 48018, '2020-12-16 05:13:43'),
(1212, 9, 171, 0, 153285, '2020-12-02 19:51:59'),
(1213, 13, 47, 1, 494866, '2020-12-26 08:48:01'),
(1214, 3, 10, 0, 489842, '2020-12-16 14:38:36'),
(1215, 17, 51, 1, 489241, '2020-12-26 02:23:59'),
(1216, 4, 101, 0, 234274, '2020-12-05 13:13:21'),
(1217, 10, 4, 0, 113239, '2021-01-10 02:25:45'),
(1218, 24, 44, 1, 390196, '2020-12-30 04:33:07'),
(1219, 11, 42, 1, 244334, '2021-01-28 06:24:04'),
(1220, 21, 136, 1, 125642, '2020-12-16 07:37:25'),
(1221, 9, 119, 1, 94116, '2020-12-16 14:13:03'),
(1222, 17, 4, 1, 174021, '2021-01-05 17:36:58'),
(1223, 14, 204, 0, 370568, '2020-12-25 15:21:36'),
(1224, 6, 150, 1, 320016, '2020-12-14 10:23:23'),
(1225, 24, 17, 1, 846, '2020-12-04 18:59:56'),
(1226, 4, 224, 0, 12656, '2020-12-01 21:27:20'),
(1227, 7, 50, 0, 33409, '2020-12-02 02:45:48'),
(1228, 21, 63, 0, 466895, '2021-02-10 00:42:12'),
(1229, 3, 191, 1, 215820, '2021-02-15 12:32:56'),
(1230, 9, 34, 1, 31360, '2020-12-30 20:05:28'),
(1231, 23, 143, 0, 17976, '2021-02-15 05:25:13'),
(1232, 10, 61, 0, 387098, '2021-01-25 06:21:20'),
(1233, 13, 12, 1, 42592, '2021-01-24 13:35:38'),
(1234, 18, 192, 0, 496623, '2020-12-18 06:36:28'),
(1235, 9, 187, 0, 278283, '2020-12-21 16:12:08'),
(1236, 18, 141, 0, 420273, '2021-01-27 00:14:05'),
(1237, 22, 223, 1, 373752, '2020-12-13 01:41:51'),
(1238, 20, 186, 0, 177221, '2021-02-03 20:20:25'),
(1239, 17, 238, 1, 54609, '2020-12-20 05:11:47'),
(1240, 15, 105, 0, 289076, '2021-01-08 08:59:14'),
(1241, 14, 52, 0, 461791, '2021-01-22 08:48:25'),
(1242, 3, 105, 1, 348980, '2021-01-29 02:15:24'),
(1243, 17, 30, 1, 367756, '2021-02-05 13:11:18'),
(1244, 24, 171, 1, 193666, '2021-02-08 10:44:26'),
(1245, 20, 55, 0, 173294, '2021-01-15 03:23:38'),
(1246, 16, 63, 0, 135892, '2020-12-03 05:21:43'),
(1247, 1, 112, 0, 205455, '2020-12-17 21:23:46'),
(1248, 20, 243, 0, 159077, '2021-01-03 00:45:20'),
(1249, 21, 90, 1, 72682, '2021-01-28 21:15:01'),
(1250, 22, 35, 0, 312118, '2021-02-04 10:54:10'),
(1251, 18, 16, 0, 219465, '2020-12-21 20:46:52'),
(1252, 1, 80, 1, 220319, '2020-12-05 02:54:24'),
(1253, 12, 28, 1, 212523, '2020-12-13 12:34:50'),
(1254, 3, 66, 0, 237914, '2021-01-18 22:28:42'),
(1255, 10, 165, 1, 132978, '2021-01-12 23:22:29'),
(1256, 13, 181, 1, 80691, '2020-12-18 12:17:50'),
(1257, 8, 191, 0, 354208, '2021-02-16 18:02:47'),
(1258, 20, 216, 0, 115977, '2020-12-08 21:41:16'),
(1259, 7, 157, 1, 57222, '2021-01-23 03:57:11'),
(1260, 18, 4, 0, 334258, '2021-01-26 15:31:32'),
(1261, 20, 151, 1, 44298, '2021-02-14 06:29:33'),
(1262, 23, 234, 0, 3317, '2021-02-12 22:51:29'),
(1263, 8, 32, 0, 68637, '2021-01-16 12:24:04'),
(1264, 3, 20, 0, 59125, '2021-01-13 12:36:47'),
(1265, 12, 148, 1, 79944, '2021-01-09 22:27:50'),
(1266, 21, 15, 1, 201315, '2021-01-02 10:16:23'),
(1267, 6, 62, 0, 233459, '2021-01-14 10:42:42'),
(1268, 12, 35, 1, 213992, '2021-01-14 09:49:48'),
(1269, 9, 214, 1, 286422, '2020-12-10 14:40:54'),
(1270, 10, 131, 0, 286648, '2021-02-17 09:19:54'),
(1271, 9, 33, 1, 382056, '2021-01-21 16:18:21'),
(1272, 24, 245, 0, 304939, '2021-02-14 16:51:38'),
(1273, 23, 187, 1, 298554, '2021-02-04 18:56:50'),
(1274, 13, 30, 0, 31007, '2020-12-10 20:32:26'),
(1275, 4, 108, 0, 387299, '2021-02-15 07:15:37'),
(1276, 6, 125, 0, 490533, '2020-12-29 00:15:17'),
(1277, 12, 106, 1, 219251, '2020-12-08 12:12:37'),
(1278, 16, 151, 1, 499705, '2021-02-05 10:38:58'),
(1279, 23, 1, 1, 371179, '2021-01-02 15:55:07'),
(1280, 19, 192, 0, 60948, '2021-01-08 17:27:53'),
(1281, 4, 246, 0, 261818, '2021-01-08 14:40:17'),
(1282, 13, 30, 1, 81795, '2020-12-21 04:04:06'),
(1283, 25, 93, 1, 412629, '2020-12-07 22:25:32'),
(1284, 25, 64, 0, 80178, '2021-02-03 10:55:37'),
(1285, 9, 147, 1, 224294, '2020-12-24 09:36:18'),
(1286, 10, 128, 1, 126758, '2021-02-09 05:26:10'),
(1287, 24, 72, 0, 303922, '2020-12-06 11:08:37'),
(1288, 23, 211, 0, 321318, '2021-01-30 20:47:58'),
(1289, 6, 154, 0, 265382, '2020-12-15 21:11:45'),
(1290, 6, 144, 0, 31288, '2021-02-05 15:42:56'),
(1291, 24, 202, 1, 338725, '2021-02-14 04:03:10'),
(1292, 18, 63, 1, 296326, '2020-12-30 21:24:43'),
(1293, 20, 199, 1, 50501, '2020-12-13 21:31:15'),
(1294, 11, 111, 1, 279849, '2021-01-17 06:12:51'),
(1295, 9, 231, 1, 472883, '2020-12-31 22:33:54'),
(1296, 9, 75, 1, 67190, '2021-01-03 17:43:57'),
(1297, 13, 230, 0, 383470, '2021-02-13 15:20:14'),
(1298, 2, 215, 1, 258161, '2021-01-22 14:42:03'),
(1299, 1, 75, 1, 401712, '2021-01-03 08:45:59'),
(1300, 12, 6, 0, 179813, '2021-01-16 07:45:06'),
(1301, 7, 187, 1, 19495, '2021-02-06 15:30:33'),
(1302, 13, 164, 1, 209532, '2020-12-07 04:33:35'),
(1303, 8, 54, 0, 444041, '2020-12-10 05:35:50'),
(1304, 16, 77, 0, 360667, '2020-12-29 16:34:51'),
(1305, 21, 91, 0, 214301, '2021-01-07 01:43:26'),
(1306, 19, 106, 1, 36089, '2021-01-08 09:17:52'),
(1307, 25, 189, 0, 390786, '2021-01-30 17:51:15'),
(1308, 7, 49, 0, 17341, '2021-02-11 16:15:27'),
(1309, 3, 196, 1, 269468, '2020-12-22 05:45:16'),
(1310, 18, 28, 1, 79096, '2021-01-04 09:42:33'),
(1311, 14, 178, 1, 316851, '2021-01-17 18:29:46'),
(1312, 24, 129, 0, 340317, '2021-01-24 13:52:06'),
(1313, 1, 33, 0, 408667, '2021-01-06 14:11:50'),
(1314, 22, 84, 1, 141981, '2020-12-21 19:04:04'),
(1315, 16, 224, 1, 132858, '2020-12-05 11:33:41'),
(1316, 4, 160, 1, 156105, '2020-12-26 08:34:21'),
(1317, 9, 10, 1, 122789, '2021-01-24 23:25:49'),
(1318, 22, 2, 0, 37305, '2020-12-28 22:01:16'),
(1319, 19, 79, 1, 253989, '2021-02-05 11:59:55'),
(1320, 11, 171, 0, 195421, '2020-12-10 21:14:55'),
(1321, 1, 38, 1, 12108, '2021-02-04 21:27:00'),
(1322, 5, 177, 1, 62921, '2020-12-09 19:09:52'),
(1323, 22, 246, 0, 81998, '2020-12-29 09:05:45'),
(1324, 17, 46, 0, 204339, '2020-12-02 17:12:06'),
(1325, 10, 108, 0, 260079, '2020-12-18 14:46:32'),
(1326, 10, 233, 0, 31478, '2020-12-27 07:36:17'),
(1327, 13, 96, 1, 231805, '2021-01-21 15:21:32'),
(1328, 14, 114, 0, 426280, '2021-02-05 11:32:15'),
(1329, 1, 235, 0, 262617, '2021-01-13 04:24:10'),
(1330, 23, 240, 0, 397758, '2021-02-16 14:35:40'),
(1331, 6, 210, 1, 377685, '2021-01-31 08:55:14'),
(1332, 12, 118, 1, 320087, '2020-12-13 18:44:35'),
(1333, 2, 216, 1, 314050, '2021-01-03 08:33:35'),
(1334, 19, 72, 1, 221042, '2021-02-03 03:35:39'),
(1335, 18, 202, 0, 436879, '2021-02-04 12:36:49'),
(1336, 5, 195, 1, 631, '2021-01-17 16:39:32'),
(1337, 14, 78, 1, 119538, '2020-12-26 01:43:42'),
(1338, 18, 56, 1, 202496, '2021-02-02 05:05:16'),
(1339, 6, 11, 1, 371058, '2021-02-14 15:43:53'),
(1340, 5, 50, 0, 402456, '2020-12-30 08:11:02'),
(1341, 17, 59, 1, 83691, '2021-01-23 10:11:59'),
(1342, 18, 113, 1, 472028, '2021-02-08 16:35:50'),
(1343, 2, 21, 1, 25893, '2021-01-13 19:58:38'),
(1344, 19, 9, 1, 222823, '2021-01-15 20:20:48'),
(1345, 2, 125, 1, 260777, '2020-12-12 06:43:51'),
(1346, 2, 152, 0, 483110, '2021-01-23 22:11:29'),
(1347, 4, 84, 0, 474370, '2021-01-06 08:20:54'),
(1348, 14, 156, 0, 364991, '2021-02-06 19:00:13'),
(1349, 7, 28, 0, 254464, '2021-02-04 09:16:36'),
(1350, 7, 25, 1, 305712, '2020-12-01 08:43:12'),
(1351, 11, 167, 0, 165343, '2021-01-24 01:00:11'),
(1352, 7, 67, 1, 43035, '2021-01-18 21:11:16'),
(1353, 11, 32, 1, 481291, '2021-02-08 00:06:48'),
(1354, 5, 62, 0, 82068, '2021-01-01 16:45:55'),
(1355, 19, 107, 1, 180745, '2020-12-31 22:56:23'),
(1356, 25, 246, 0, 344346, '2020-12-30 00:20:47'),
(1357, 6, 104, 1, 10715, '2021-02-04 23:12:25'),
(1358, 14, 154, 0, 463281, '2021-01-20 03:12:28'),
(1359, 7, 30, 0, 471606, '2020-12-06 03:36:57'),
(1360, 20, 182, 0, 229429, '2021-02-06 02:17:28'),
(1361, 10, 125, 1, 101423, '2021-01-01 01:18:37'),
(1362, 11, 197, 1, 121893, '2020-12-30 12:52:01'),
(1363, 22, 55, 0, 391522, '2021-01-27 07:58:14'),
(1364, 8, 1, 1, 333288, '2021-02-11 18:13:36'),
(1365, 8, 11, 1, 110563, '2021-02-01 00:28:10'),
(1366, 24, 231, 0, 79295, '2021-01-01 08:16:07'),
(1367, 11, 235, 0, 59138, '2020-12-21 02:48:18'),
(1368, 16, 193, 0, 127478, '2020-12-03 03:05:24'),
(1369, 11, 217, 1, 182204, '2021-01-23 17:37:15'),
(1370, 25, 220, 1, 289934, '2020-12-06 19:04:44'),
(1371, 8, 16, 1, 286148, '2020-12-05 01:22:19'),
(1372, 8, 4, 0, 190684, '2020-12-25 23:42:32'),
(1373, 19, 245, 0, 400415, '2021-02-10 10:30:49'),
(1374, 9, 44, 1, 155673, '2020-12-11 15:01:28'),
(1375, 2, 126, 1, 144295, '2021-01-12 15:39:03'),
(1376, 1, 30, 0, 328996, '2020-12-31 21:50:29'),
(1377, 11, 203, 0, 478612, '2020-12-02 18:13:30'),
(1378, 1, 76, 1, 73951, '2021-02-07 23:30:55'),
(1379, 16, 205, 1, 79054, '2021-01-28 06:40:39'),
(1380, 1, 139, 0, 293582, '2021-01-29 00:08:58'),
(1381, 13, 28, 0, 354686, '2021-02-04 02:46:01'),
(1382, 24, 218, 0, 178639, '2021-01-10 07:03:17'),
(1383, 6, 42, 1, 140624, '2021-02-04 03:13:19'),
(1384, 8, 208, 1, 38846, '2021-01-21 05:59:07'),
(1385, 21, 160, 0, 238302, '2021-02-17 00:29:10'),
(1386, 8, 189, 0, 223830, '2021-01-28 17:17:43'),
(1387, 7, 171, 0, 243458, '2020-12-19 09:39:50'),
(1388, 5, 16, 1, 354772, '2020-12-24 06:19:28'),
(1389, 8, 54, 1, 172480, '2021-02-08 22:49:14'),
(1390, 25, 161, 1, 411068, '2020-12-21 05:19:25'),
(1391, 1, 73, 1, 454273, '2021-01-03 08:30:10'),
(1392, 12, 238, 0, 285150, '2021-01-01 18:31:13'),
(1393, 3, 206, 0, 444055, '2021-02-16 09:44:36'),
(1394, 16, 243, 1, 359347, '2020-12-28 05:17:03'),
(1395, 13, 142, 1, 396996, '2021-02-04 01:01:57'),
(1396, 10, 146, 1, 98679, '2021-01-09 08:59:47'),
(1397, 22, 245, 1, 33660, '2021-01-16 09:05:20'),
(1398, 9, 11, 0, 266457, '2020-12-13 03:41:00'),
(1399, 8, 137, 0, 186958, '2021-01-25 19:00:51'),
(1400, 25, 70, 1, 226100, '2020-12-06 16:13:20'),
(1401, 23, 235, 1, 456210, '2021-01-29 20:17:34'),
(1402, 12, 182, 1, 489111, '2021-01-17 03:36:21'),
(1403, 24, 146, 0, 101465, '2021-01-24 22:42:36'),
(1404, 12, 139, 1, 454995, '2021-01-17 04:20:05'),
(1405, 6, 226, 1, 482231, '2021-01-27 06:38:44'),
(1406, 16, 1, 0, 425565, '2020-12-23 06:36:15'),
(1407, 19, 151, 1, 275988, '2021-02-02 21:03:20'),
(1408, 23, 221, 0, 8293, '2021-01-09 19:15:42'),
(1409, 11, 198, 1, 121976, '2021-01-14 19:50:34'),
(1410, 18, 82, 0, 164493, '2020-12-22 10:26:37'),
(1411, 8, 15, 1, 204462, '2021-01-27 22:04:50'),
(1412, 12, 162, 1, 403752, '2021-02-06 03:32:12'),
(1413, 6, 88, 0, 37627, '2020-12-29 13:23:36'),
(1414, 22, 115, 1, 62326, '2020-12-22 16:54:39'),
(1415, 1, 106, 1, 308130, '2021-02-07 23:27:45'),
(1416, 16, 81, 1, 132946, '2021-01-31 07:47:40'),
(1417, 16, 84, 0, 103748, '2020-12-11 00:15:24'),
(1418, 12, 228, 1, 421338, '2020-12-10 09:40:06'),
(1419, 10, 49, 1, 480695, '2021-02-16 12:16:39'),
(1420, 21, 120, 1, 402085, '2020-12-30 00:38:16'),
(1421, 1, 146, 0, 174097, '2020-12-04 08:25:06'),
(1422, 9, 141, 1, 423754, '2021-01-19 21:27:32'),
(1423, 20, 187, 1, 139550, '2021-02-13 16:45:15'),
(1424, 4, 144, 0, 320635, '2021-02-16 15:28:43'),
(1425, 21, 50, 1, 132661, '2021-02-15 08:45:01'),
(1426, 3, 108, 1, 268016, '2021-02-04 01:43:01'),
(1427, 12, 47, 1, 85595, '2021-01-26 10:34:18'),
(1428, 12, 67, 0, 13242, '2021-01-07 13:09:02'),
(1429, 2, 126, 1, 410955, '2020-12-06 16:09:06'),
(1430, 5, 219, 0, 499117, '2021-01-06 20:52:19'),
(1431, 11, 190, 1, 300139, '2020-12-02 19:47:33'),
(1432, 16, 108, 1, 496599, '2020-12-14 21:15:46'),
(1433, 17, 217, 1, 455185, '2021-01-13 05:18:20'),
(1434, 16, 109, 1, 456724, '2021-01-06 05:30:00'),
(1435, 2, 27, 1, 36693, '2021-01-24 11:11:23'),
(1436, 23, 195, 0, 227187, '2020-12-16 01:38:49'),
(1437, 9, 183, 0, 412307, '2020-12-22 13:30:15'),
(1438, 22, 38, 0, 107771, '2021-01-07 07:49:54'),
(1439, 18, 4, 1, 198994, '2021-01-09 10:38:06'),
(1440, 14, 65, 0, 295003, '2021-01-08 11:29:43'),
(1441, 6, 196, 1, 196139, '2021-01-25 18:35:42'),
(1442, 20, 138, 1, 114271, '2021-02-14 13:57:28'),
(1443, 11, 74, 1, 442151, '2021-01-02 03:24:25'),
(1444, 1, 155, 0, 429982, '2021-02-02 20:07:57'),
(1445, 6, 27, 1, 479198, '2020-12-13 04:12:44'),
(1446, 19, 82, 1, 193697, '2021-01-17 00:43:55'),
(1447, 6, 65, 1, 158935, '2020-12-02 02:58:55'),
(1448, 15, 183, 0, 154754, '2021-01-29 02:38:08'),
(1449, 24, 157, 1, 171209, '2021-01-23 18:54:10'),
(1450, 10, 11, 1, 331501, '2020-12-22 06:06:16'),
(1451, 22, 191, 1, 266988, '2021-02-05 00:02:25'),
(1452, 6, 210, 0, 80991, '2020-12-20 12:19:29'),
(1453, 13, 34, 1, 436544, '2021-02-09 17:25:42'),
(1454, 15, 184, 1, 135111, '2021-01-31 12:18:34'),
(1455, 8, 83, 0, 171752, '2021-01-11 14:14:24'),
(1456, 6, 228, 1, 216376, '2020-12-31 00:58:34'),
(1457, 13, 55, 1, 6973, '2021-01-23 02:48:34'),
(1458, 8, 107, 1, 192289, '2021-01-16 16:47:38'),
(1459, 2, 122, 0, 484792, '2021-01-16 04:25:27'),
(1460, 1, 200, 0, 135590, '2020-12-19 08:53:07'),
(1461, 23, 123, 0, 251257, '2021-02-09 23:54:23'),
(1462, 24, 136, 0, 226674, '2021-01-08 19:47:24'),
(1463, 19, 6, 1, 319044, '2020-12-17 01:38:20'),
(1464, 12, 67, 0, 10500, '2021-01-10 23:46:05'),
(1465, 6, 174, 0, 104585, '2020-12-18 16:55:28'),
(1466, 3, 218, 0, 303427, '2021-01-01 15:55:11'),
(1467, 4, 17, 0, 463619, '2020-12-27 06:20:51'),
(1468, 11, 6, 0, 149492, '2020-12-24 20:42:26'),
(1469, 12, 182, 1, 203448, '2021-02-10 07:09:50'),
(1470, 5, 77, 1, 485423, '2021-01-12 16:57:59'),
(1471, 25, 4, 1, 80729, '2020-12-06 04:12:10'),
(1472, 9, 244, 0, 258188, '2021-01-05 10:21:53'),
(1473, 15, 176, 1, 73774, '2021-02-16 02:59:16'),
(1474, 25, 52, 1, 412629, '2021-01-17 22:19:48'),
(1475, 1, 46, 0, 30490, '2021-02-12 17:21:47'),
(1476, 16, 132, 0, 498316, '2020-12-25 23:06:11'),
(1477, 24, 38, 0, 71443, '2021-01-10 10:44:01'),
(1478, 7, 236, 0, 229974, '2021-02-06 01:41:41'),
(1479, 9, 31, 1, 164594, '2021-01-26 21:22:45'),
(1480, 20, 90, 0, 73274, '2021-01-19 14:30:14'),
(1481, 9, 128, 0, 328251, '2021-02-17 13:50:01'),
(1482, 19, 216, 0, 261263, '2021-01-04 00:28:57'),
(1483, 18, 171, 1, 267771, '2021-01-11 00:09:57'),
(1484, 9, 49, 0, 321586, '2020-12-08 04:23:10'),
(1485, 19, 241, 1, 77439, '2021-02-08 05:39:03'),
(1486, 3, 154, 1, 176649, '2021-01-30 01:22:24'),
(1487, 16, 13, 0, 388462, '2021-01-17 17:24:32'),
(1488, 4, 36, 0, 268635, '2020-12-13 05:14:08'),
(1489, 8, 185, 1, 147284, '2021-02-17 17:58:12'),
(1490, 20, 82, 0, 117730, '2021-01-19 01:33:51'),
(1491, 25, 23, 0, 350506, '2020-12-10 05:41:06'),
(1492, 7, 107, 0, 310711, '2020-12-31 06:42:49'),
(1493, 18, 172, 0, 76076, '2021-01-28 22:14:13'),
(1494, 9, 162, 1, 292406, '2021-02-14 12:42:25'),
(1495, 25, 181, 1, 252673, '2020-12-23 15:42:33'),
(1496, 5, 7, 1, 147368, '2021-01-29 10:32:02'),
(1497, 16, 175, 1, 281902, '2020-12-08 02:05:53'),
(1498, 15, 186, 1, 137211, '2020-12-21 09:38:17'),
(1499, 18, 249, 0, 44213, '2020-12-01 23:29:26'),
(1500, 2, 217, 1, 347146, '2021-02-07 05:55:34');

--
-- Contraintes pour les tables déchargées
--

--
-- Contraintes pour la table `games_genre`
--
ALTER TABLE `games_genre`
  ADD CONSTRAINT `FK_7C4021444296D31F` FOREIGN KEY (`genre_id`) REFERENCES `genre` (`id`) ON DELETE CASCADE,
  ADD CONSTRAINT `FK_7C40214497FFC673` FOREIGN KEY (`games_id`) REFERENCES `games` (`id`) ON DELETE CASCADE;

--
-- Contraintes pour la table `librarie`
--
ALTER TABLE `librarie`
  ADD CONSTRAINT `FK_676E17349B6B5FBA` FOREIGN KEY (`account_id`) REFERENCES `account` (`id`),
  ADD CONSTRAINT `FK_676E1734E48FD905` FOREIGN KEY (`game_id`) REFERENCES `games` (`id`);
COMMIT;

/*!40101 SET CHARACTER_SET_CLIENT=@OLD_CHARACTER_SET_CLIENT */;
/*!40101 SET CHARACTER_SET_RESULTS=@OLD_CHARACTER_SET_RESULTS */;
/*!40101 SET COLLATION_CONNECTION=@OLD_COLLATION_CONNECTION */;
