
INSERT INTO song (id, name, duration, price) VALUES
(1, 'Fight fire with fire', '00:04:45', 0.99),
(2, 'Ride the lightning', '00:06:37', 0.99),
(3, 'For whom the bell tolls', '00:05:10', 0.99),
(4, 'Fade to black', '00:06:57', 0.99),
(5, 'Trapped under ice', '00:04:04', 0.99),
(6, 'Escape', '00:04:24', 0.99),
(7, 'Creeping death', '00:06:36', 0.99),
(8, 'The call of Ktulu', '00:08:53', 0.99),
(9, 'The ringer', '00:05:38', 0.99),
(10, 'Greatest', '00:03:47', 0.99),
(11, 'Lucky You', '00:04:05', 0.99),
(12, 'Paul - Skit', '00:00:35', 0.99),
(13, 'Normal', '00:03:42', 0.99),
(14, 'Em calls Paul - Skit', '00:00:49', 0.99),
(15, 'Stepping stone', '00:05:10', 0.99),
(16, 'Not Alike', '00:04:48', 0.99),
(17, 'Kamikaze', '00:03:36', 1.49),
(18, 'Fall', '00:04:22', 0.99),
(19, 'Nice guy', '00:02:31', 0.99),
(20, 'Good guy', '00:02:22', 0.99),
(21, 'Venom', '00:04:30', 1.49),
(22, 'Battery', '00:05:12', 1.19),
(23, 'Master of puppets', '00:08:35', 1.19),
(24, 'The thing that should not be', '00:06:36', 1.19),
(25, 'Welcome home', '00:06:27', 1.19),
(26, 'Disposable heroes', '00:08:17', 1.19),
(27, 'Leper messiah', '00:05:40', 1.19),
(28, 'Orion', '00:08:27', 1.19),
(29, 'Damage, Inc.', '00:05:32', 1.19),
(30, 'Ace of spades', '00:02:46', 0.99),
(31, 'Love my like a reptile', '00:03:21', 0.99),
(32, 'Shoot you in the back', '00:02:37', 0.99),
(33, 'Live to win', '00:03:34', 0.99),
(34, 'Fast and loose', '00:03:22', 0.99),
(35, '(We are) The road crew', '00:03:10', 0.99),
(36, 'Fire fire', '00:02:42', 0.99),
(37, 'Jailbait', '00:03:31', 0.99),
(38, 'Dance', '00:02:36', 0.99),
(39, 'Bite the bullet', '00:01:38', 0.99),
(40, 'The chase is better than the catch', '00:04:15', 0.99),
(41, 'The hammer', '00:02:45', 0.99),
(42, 'Tease me please me', '00:04:45', 0.99),
(43, 'Don''t believe her', '00:04:56', 0.99),
(44, 'To be with you in heaven', '00:04:50', 0.99),
(45, 'Wind of change', '00:05:12', 0.99),
(46, 'Restless nights', '00:05:47', 0.99),
(47, 'Lust or love', '00:04:23', 0.99),
(48, 'Kicks after six', '00:03:50', 0.99),
(49, 'Hit between the eyes', '00:04:33', 0.99),
(50, 'Money and fame', '00:05:08', 0.99),
(51, 'Crazy world', '00:05:08', 0.99),
(52, 'Send me angel', '00:04:33', 0.99),
(53, 'Radioactive', '00:03:06', 0.99),
(54, 'Tiptoe', '00:03:14', 0.99),
(55, 'It''s time', '00:04:00', 0.99),
(56, 'Demons', '00:02:57', 0.99),
(57, 'On top of the world', '00:03:12', 0.99),
(58, 'Amsterdam', '00:04:01', 0.99),
(59, 'Hear me', '00:03:55', 0.99),
(60, 'Every night', '00:03:37', 0.99),
(61, 'Bleeding out', '00:03:43', 0.99),
(62, 'Underdog', '00:03:29', 0.99),
(63, 'Nothing left to say', '00:06:33', 0.99),
(64, 'It''s a long way to the top (if you wanna rock ''N'' Roll)', '00:05:01', 0.99),
(65, 'Rock ''N'' Roll singer', '00:05:04', 0.99),
(66, 'The jack', '00:05:52', 0.99),
(67, 'Live wire', '00:05:49', 0.99),
(68, 'T.N.T.', '00:03:35', 0.99),
(69, 'Can I sit next to you girl', '00:04:11', 0.99),
(70, 'Little lover', '00:05:38', 0.99),
(71, 'She''s got balls', '00:04:51', 0.99),
(72, 'High voltage', '00:04:14', 0.99),
(73, 'Foreword', '00:00:13', 0.19),
(74, 'Don''t say', '00:03:07', 0.99),
(75, 'Somewhere I belong', '00:03:35', 0.99),
(76, 'Lying from you', '00:02:55', 0.99),
(77, 'Hit the floor', '00:02:44', 0.99),
(78, 'Easier to run', '00:03:24', 0.99),
(79, 'Faint', '00:02:42', 0.99),
(80, 'Figure.09', '00:03:17', 0.99),
(81, 'Breaking the habit', '00:03:21', 0.99),
(82, 'From the inside', '00:03:00', 0.99),
(83, 'Nobody''s listening', '00:02:59', 0.99),
(84, 'Session', '00:02:24', 0.99),
(85, 'Numb', '00:03:05', 0.99),
(86, 'Invaders', '00:03:22', 0.99),
(87, 'Children of the damned', '00:04:33', 0.99),
(88, 'The prisoner', '00:06:00', 0.99),
(89, '22 acacia avenue', '00:06:34', 0.99),
(90, 'The number of the beast', '00:04:49', 0.99),
(91, 'Run to the hills', '00:03:50', 0.99),
(92, 'Gangland', '00:03:47', 0.99),
(93, 'Hallowed be thy name', '00:07:10', 0.99),
(94, 'Keep their Heads Ringin''', '00:05:10', 1.99),
(95, 'Take a hit', '00:04:36', 1.99),
(96, 'Smoke on the water', '00:05:40', 1.99),
(97, 'Bohemian Rapsody', '00:05:54', 1.99),
(98, 'You give love a band name', '00:03:42', 1.99),
(99, 'Highway to hell', '00:03:28', 1.99),
(100, 'Dust in the wind', '00:03:19', 1.99);

INSERT INTO artist (id, name, nationality, begining_year) VALUES
(1, 'Metallica', 'American', 1981),
(2, 'Eminem', 'American', 1988),
(3, 'Joyner Lucas', 'American', 2007),
(4, 'Paul Rosenberg', 'American', null),
(5, 'Royce Da 5''9', 'American', 1997),
(6, 'Jessie Reyez', 'American', 2014),
(7, 'Motörhead', 'England', 1975),
(8, 'Scorpions', 'Germany', 1965),
(9, 'Imagine Dragons', 'American', 2008),
(10, 'AC/DC', 'Australian', 1973),
(11, 'Shaka Ponk', 'French', 2002),
(12, 'Fatal Picard', 'French', 1997),
(13, 'Rammstein', 'Germany', 1994),
(14, 'Accept', 'Germany', 1968),
(15, 'The Cranberries', 'Irish', 1989),
(16, 'Airbourne', 'Australian', 2003),
(17, 'Shurik''N', 'French', 1986),
(18, 'Celine Dion', 'Canadian', 1981),
(19, 'Beyoncé', 'American', 1997),
(20, 'The Eagles', 'American', 1971),
(21, 'Kansas', 'American', 1971),
(22, 'Linkin Park', 'American', 1996),
(23, 'Lordi', 'Finland', 1992),
(24, 'Wig Wam', 'Norway', 2001),
(25, 'Led Zeppelin', 'England', 1968),
(26, 'Iron Maiden', 'England', 1975),
(27, 'Slipknot', 'American', 1995),
(28, 'The Offspring', 'American', 1984),
(29, 'Red Hot Chili Peppers', 'American', 1983),
(30, 'Theory of a Deadman', 'Canadian', 2001),
(31, 'Queen', 'England', 1970),
(32, 'Bon Jovi', 'American', 1983),
(33, 'D12', 'American', 1996),
(34, 'Dr Dre', 'American', 1984),
(35, 'Ozzy Osbourne', 'England', 1968),
(36, 'Deep Purple', 'England', 1968),
(37, 'Black Sabbath', 'England', 1968),
(38, 'Britney Spears', 'American', 1991);

INSERT INTO genre (id, name) VALUES
(1, 'Heavy metal'),
(2, 'Thrash metal'),
(3, 'Hard rock'),
(4, 'Speed metal'),
(5, 'Hip-hop'),
(6, 'Rap'),
(7, 'Rock'),
(8, 'Rock alternatif'),
(10, 'Pop rock'),
(11, 'Metal'),
(12, 'Pop'),
(13, 'RnB'),
(14, 'Punk'),
(15, 'Metal industriel'),
(16, 'Power metal'),
(17, 'French song'),
(18, 'Soul'),
(19, 'Folk rock'),
(20, 'Nu metal'),
(21, 'Glam metal'),
(22, 'Glam rock'),
(23, 'Metal progressif'),
(24, 'Metal alternatif'),
(25, 'Funk rock'),
(26, 'Rock progressif'),
(27, 'Hardcore');
	
INSERT INTO album (id, name, published_year, is_parental_advisory, price) VALUES
(1, 'Ride the lightning', 1984, 0, 10.99),
(2, 'Kamikaze', 2018, 1, 17.99),
(3, 'Master of puppets', 1986, 0, 14.99),
(4, 'Ace of spades', 1980, 0, 15.99),
(5, 'Crazy world', 1990, 0, 8.79),
(6, 'Night visions', 2012, 0, 8.00),
(7, 'TNT', 1975, 0, 15.00),
(8, 'Où je vis', 1998, 1, 14.00),
(9, 'Meteora', 2003, 1, 8.70),
(10, 'The number of the beast', 1982, 0, 15.58),
(11, 'Iron Maiden', 1980, 0, 9.46),
(12, 'Killers', 1981, 0, 13.98),
(13, 'Somewhere in time', 1986, 0, 12.45),
(14, 'The Slim Shady LP', 1999, 1, 6.99),
(15, 'The Eminem Show', 2002, 1, 6.99),
(16, 'Keep their Heads Ringin''', 1995, 1, 2.99),
(17, 'Best of Old Rock', 1995, 0, 19.99);

INSERT INTO album_song (album_id, song_id) VALUES
(1, 1), (1, 2), (1, 3), (1, 4), (1, 5), (1, 6), (1, 7), (1, 8),
(2, 9), (2, 10), (2, 11), (2, 12), (2, 13), (2, 14), (2, 15), (2, 16), (2, 17), (2, 18), (2, 19), (2, 20), (2, 21),
(3, 22), (3, 23), (3, 24), (3, 25), (3, 26), (3, 27), (3, 28), (3, 29),
(4, 30), (4, 31), (4, 32), (4, 33), (4, 34), (4, 35), (4, 36), (4, 37), (4, 38), (4, 39), (4, 40), (4, 41),
(5, 42), (5, 43), (5, 44), (5, 45), (5, 46), (5, 47), (5, 48), (5, 49), (5, 50), (5, 51), (5, 52),
(6, 53), (6, 54), (6, 55), (6, 56), (6, 57), (6, 58), (6, 59), (6, 60), (6, 61), (6, 62), (6, 63),
(7, 64), (7, 65), (7, 66), (7, 67), (7, 68), (7, 69), (7, 70), (7, 71), (7, 72),
(9, 73), (9, 74), (9, 75), (9, 76), (9, 77), (9, 78), (9, 79), (9, 80), (9, 81), (9, 82), (9, 83), (9, 84), (9, 85),
(10, 86), (10, 87), (10, 88), (10, 89), (10, 90), (10, 91), (10, 92), (10, 93),
(16, 94), (16, 95),
(17, 86), (17, 90), (17, 96), (17, 68), (17, 30), (17, 45), (17, 97), (17, 4), (17, 98), (17, 99), (17, 100);

INSERT INTO album_genre (album_id, genre_id) VALUES
(1, 1), (1, 2), (1, 3), (1, 4),
(2, 5), (2, 6),
(3, 1), (3, 2), (3, 3), (3, 4),
(4, 1), (4, 4),
(5, 1), (5, 3), (5, 7),
(6, 8), (6, 10),
(7, 3), (7, 7),
(8, 6),
(9, 20), (9, 6), (9, 8),
(10, 1),
(11, 1),
(12, 1),
(13, 1), (13, 23),
(14, 6), (14, 27),
(15, 6),
(16, 6),
(17, 1), (17, 2), (17, 3), (17, 26);

INSERT INTO artist_genre (artist_id, genre_id) VALUES
(1, 1), (1, 2), (1, 4),
(2, 5), (2, 6),
(3, 5),
(5, 5), (5, 6),
(6, 12), (6, 13), (6, 18),
(7, 1), (7, 2), (7, 4), (7, 3), (7, 7),
(8, 3), (8, 1),
(9, 10), (9, 8),
(10, 3), (10, 7),
(11, 8), (11, 1), (11, 6), (11, 3),
(12, 7), (12, 14), (12, 17),
(13, 15),
(14, 1), (14, 4), (14, 16), (14, 3),
(15, 8), (15, 10), (15, 14),
(16, 3),
(17, 6),
(18, 12), (18, 10), (18, 17),
(19, 13), (19, 5), (19, 12), (19, 18),
(20, 7), (20, 19),
(21, 8), (21, 3),
(22, 8), (22, 20), (22, 6), (22, 10), (22, 24),
(23, 3), (23, 1),
(24, 21), (24, 22),
(25, 3),
(26, 1), (26, 23),
(27, 20), (27, 24),
(28, 14), (28, 8), (28, 8), (28, 11),
(29, 8), (29, 25), (29, 11),
(30, 3), (30, 8), (30, 24), (30, 10),
(31, 7), (31, 3), (31, 26), (31, 22), (31, 10),
(32, 3), (32, 21), (32, 10),
(33, 6), (33, 27),
(34, 6), (34, 5),
(35, 1), (35, 3),
(35, 1), (35, 3), (35, 26),
(36, 1), (36, 3),
(37, 1), (36, 3),
(38, 12);

INSERT INTO album_artist (artist_id, album_id) VALUES
(1, 1),
(2, 2),
(1, 3),
(7, 4),
(8, 5),
(9, 6),
(10, 7),
(17, 8),
(22, 9),
(26, 10),
(26, 11),
(26, 12),
(26, 13),
(2, 14), (33, 14),
(2, 15),
(34, 16),
(26, 17), (36, 17), (32, 17), (31, 17), (10, 17), (21, 17), (8, 17), (7, 17);


